city_id,city,pop,age,household,individual,house,rent,COLI
0,"Phenix City, Alabama",36219,32.6,41063,23236,131994,795,83.8
1,"Vestavia Hills, Alabama",34291,40.0,101429,56238,387921,1068,89.3
2,"Apache Junction, Arizona",40538,53.9,48834,24369,174477,806,94.3
3,"Bullhead City, Arizona",40252,53.0,40566,24404,135165,740,87.6
4,"Casa Grande, Arizona",55477,37.3,53312,23080,188388,905,93.6
5,"El Mirage, Arizona",35216,29.4,46385,14818,162100,1212,94.6
6,"Lake Havasu City, Arizona",54411,54.7,48993,30641,190298,856,88.6
7,"Oro Valley, Arizona",44350,52.4,85392,45092,311829,1139,91.3
8,"Prescott Valley, Arizona",44466,45.2,49238,23338,226326,941,92.7
9,"Sierra Vista, Arizona",42912,34.2,62019,31315,194015,927,85.4
10,"Fort Smith, Arkansas",88037,37.2,38294,24700,121900,619,79.4
11,"Hot Springs, Arkansas",36915,41.8,35474,22420,122463,662,81.9
12,"Little Rock, Arkansas",198606,36.2,57534,35418,169900,875,85.1
13,"North Little Rock, Arkansas",65911,34.8,40579,25200,137600,772,85.0
14,"Pine Bluff, Arkansas",42984,34.6,32539,17803,77304,694,79.8
15,"Aliso Viejo, California",51671,37.0,112026,48849,637574,2206,87.5
16,"Apple Valley, California",73077,37.6,55951,26446,249900,1053,80.5
17,"Baldwin Park, California",76402,34.1,67472,20401,416500,1457,137.1
18,"Bell Gardens, California",42747,28.9,41560,12774,412375,1222,143.8
19,"Beverly Hills, California",34484,44.1,110481,88186,2374749,2159,171.5
20,"Buena Park, California",83015,35.5,65139,24484,570900,1567,88.9
21,"Cathedral City, California",54596,37.9,45622,22986,269187,1217,82.1
22,"Chino Hills, California",80374,37.4,99763,34959,610900,1925,83.3
23,"Chula Vista, California",270471,35.5,77273,30974,497800,1604,135.8
24,"Citrus Heights, California",87931,37.4,58774,30208,302300,1211,101.7
25,"Costa Mesa, California",113825,34.6,78904,37267,744900,1798,89.9
26,"Culver City, California",39283,41.6,92687,51858,873432,1864,150.5
27,"Daly City, California",107074,37.9,90888,32250,786200,2152,167.5
28,"Dana Point, California",33934,49.0,95127,58812,912947,2047,90.0
29,"Diamond Bar, California",56665,43.3,100714,38328,729997,2052,139.7
30,"El Cajon, California",103894,32.8,50312,24167,458100,1232,139.8
31,"El Centro, California",44364,33.0,45948,20150,206804,788,93.5
32,"El Monte, California",116109,34.8,51730,17157,442100,1224,140.5
33,"Foster City, California",34412,40.7,150562,70504,1245006,3163,170.2
34,"Fountain Valley, California",56313,44.3,91221,38254,716189,1932,88.5
35,"Garden Grove, California",174226,39.6,66842,24973,558800,1426,88.6
36,"Huntington Beach, California",201874,42.8,87120,45709,738600,1823,89.0
37,"Huntington Park, California",58822,30.7,40599,14110,424486,1044,143.9
38,"Laguna Hills, California",31318,41.8,105120,47798,711372,2010,87.6
39,"Laguna Niguel, California",66334,48.8,102386,56073,809500,2260,88.9
40,"La Habra, California",62466,35.1,76028,29947,518118,1487,87.5
41,"Lake Elsinore, California",66411,28.9,67988,19860,347000,1356,81.5
42,"Lake Forest, California",84293,38.9,99913,43815,626900,1920,87.4
43,"La Mesa, California",60021,37.1,64376,34179,529965,1497,140.6
44,"La Mirada, California",49095,39.8,93117,32591,568040,1720,138.1
45,"La Puente, California",40322,33.3,63945,18152,432560,1309,136.7
46,"La Verne, California",32461,44.0,88247,40158,636314,1500,137.1
47,"Long Beach, California",469450,35.3,60557,32006,557700,1278,142.8
48,"Los Angeles, California",3999759,35.8,60197,33496,647000,1397,145.8
49,"Los Banos, California",39183,31.4,48411,21315,293139,1196,95.4
50,"Manhattan Beach, California",35924,44.4,158639,94579,2012480,2537,156.1
51,"Menlo Park, California",34357,37.6,146748,83465,2090331,2417,185.6
52,"Mission Viejo, California",96016,44.7,102787,45452,694600,2199,87.9
53,"Monterey Park, California",61044,45.4,58722,28420,672885,1352,148.1
54,"Moreno Valley, California",207226,30.5,62198,20056,305900,1443,81.7
55,"Morgan Hill, California",45037,38.5,119481,50573,854571,1937,150.7
56,"Mountain View, California",81438,34.5,135115,74240,1461400,2353,170.8
57,"National City, California",61363,32.9,46604,20338,401601,1182,140.3
58,"Newport Beach, California",86160,49.6,127104,97774,1902000,2103,94.3
59,"Palm Desert, California",52932,53.3,59165,42635,380267,1254,82.8
60,"Palm Springs, California",48142,55.0,50609,41740,394514,1055,83.7
61,"Palo Alto, California",67178,39.8,153802,90597,2000001,2673,176.9
62,"Pico Rivera, California",63522,36.9,65614,22161,451440,1335,137.8
63,"Pleasant Hill, California",34987,39.8,109430,53521,778926,2048,151.2
64,"Rancho Cordova, California",73563,36.1,64088,32166,304400,1200,101.1
65,"Rancho Cucamonga, California",177452,34.6,90034,32407,488000,1773,82.7
66,"Rancho Palos Verdes, California",42364,50.2,132699,64210,1247930,2535,148.0
67,"Rancho Santa Margarita, California",48793,37.4,112643,49031,677977,1911,87.0
68,"Redondo Beach, California",67908,41.1,104715,60576,907400,1972,145.0
69,"Redwood City, California",86685,38.4,116966,58060,1196500,2327,173.8
70,"Rohnert Park, California",42838,33.9,70326,31058,461782,1698,143.5
71,"San Bernardino, California",216995,31.7,46510,17895,245900,1038,81.6
72,"San Bruno, California",43299,39.6,104551,45051,894012,2288,168.9
73,"San Diego, California",1419516,34.5,76662,39325,600300,1642,140.1
74,"San Dimas, California",34326,42.4,86556,37316,609479,1707,137.4
75,"San Francisco, California",884363,38.3,110816,64597,1104100,1836,173.6
76,"San Gabriel, California",40514,41.7,59598,26568,746027,1413,151.1
77,"San Jacinto, California",48254,33.1,50503,18791,217991,1160,80.5
78,"San Jose, California",1035317,36.8,104675,43593,854700,2109,156.4
79,"San Leandro, California",90553,43.5,64923,34315,597000,1591,153.8
80,"San Luis Obispo, California",47541,26.9,53117,31508,678983,1484,115.0
81,"San Marcos, California",96198,35.3,76272,33696,525200,1523,135.6
82,"San Mateo, California",104748,38.7,108058,58957,1093900,2480,175.0
83,"San Rafael, California",59070,41.8,93486,54979,911239,1931,165.8
84,"San Ramon, California",75931,38.8,161870,60315,957800,2296,147.6
85,"Santa Ana, California",334136,32.0,65655,20326,494700,1496,88.2
86,"Santa Barbara, California",92101,39.1,79740,50377,1037400,1751,124.6
87,"Santa Clara, California",127134,34.3,115375,47824,1001100,2298,162.3
88,"Santa Clarita, California",210888,37.0,90961,36859,536700,1825,135.2
89,"Santa Cruz, California",65021,30.9,71442,39349,860600,1780,173.3
90,"Santa Maria, California",107014,30.0,60320,20202,350200,1331,110.8
91,"Santa Monica, California",92306,41.1,90088,74720,1237500,1743,158.7
92,"Santa Rosa, California",175269,38.5,75356,36589,568200,1540,145.7
93,"Simi Valley, California",126878,39.7,90200,36807,602800,1944,93.0
94,"South Gate, California",95430,31.6,50355,17017,420800,1111,141.3
95,"South San Francisco, California",67429,40.7,94459,38514,873000,1974,167.4
96,"Temple City, California",36367,43.7,74422,29983,784854,1482,147.5
97,"Thousand Oaks, California",128995,43.6,100338,51735,728700,2007,93.5
98,"Union City, California",75343,40.9,117526,41652,805100,2050,151.7
99,"Walnut Creek, California",69773,48.2,100180,63790,814600,2110,153.4
100,"West Covina, California",107598,37.0,81170,30813,559200,1629,138.2
101,"West Hollywood, California",37080,40.3,70805,67645,812401,1580,154.9
102,"West Sacramento, California",53512,33.7,63558,29468,353559,987,100.8
103,"Yorba Linda, California",68229,44.6,132952,58299,913700,2275,87.8
104,"Yuba City, California",66860,34.5,51497,23421,274800,1014,93.5
105,"Castle Rock, Colorado",62276,35.6,86221,38234,363713,1461,109.5
106,"Colorado Springs, Colorado",464474,34.7,59514,31585,265400,1093,98.3
107,"Commerce City, Colorado",55923,31.3,47340,18723,238537,1255,109.8
108,"Fort Collins, Colorado",165080,28.4,60731,30983,366500,1316,100.5
109,"Grand Junction, Colorado",62475,34.9,48754,29915,226798,919,93.7
110,"Wheat Ridge, Colorado",31294,42.1,54808,33319,365562,1108,112.9
111,"New Haven, Connecticut",131014,30.4,44445,26471,194200,1127,130.6
112,"West Haven, Connecticut",54843,35.1,56996,28735,192509,1128,128.9
113,"Washington, District of Columbia",693972,34.0,82372,52500,607200,1499,124.9
114,"Altamonte Springs, Florida",44277,39.4,53988,31798,208467,1154,91.9
115,"Boca Raton, Florida",98150,47.9,80815,57635,459200,1483,103.8
116,"Bonita Springs, Florida",56088,58.0,62333,48123,306613,1298,94.4
117,"Boynton Beach, Florida",77702,39.6,51372,26839,200200,1495,101.3
118,"Cape Coral, Florida",183365,47.9,54358,29155,225800,1216,92.6
119,"Coconut Creek, Florida",61010,40.4,59963,34894,224689,1508,114.2
120,"Coral Gables, Florida",51095,41.6,92790,64878,801183,1593,118.1
121,"Coral Springs, Florida",133037,37.3,72557,32382,347400,1468,114.7
122,"Cutler Bay, Florida",45101,36.8,49930,25996,288100,1573,107.8
123,"Deerfield Beach, Florida",80571,40.4,46238,24994,165100,1286,113.4
124,"Delray Beach, Florida",68749,46.4,63357,42791,317400,1416,102.9
125,"Fort Lauderdale, Florida",180072,42.1,56309,38197,329500,1217,117.1
126,"Fort Myers, Florida",79943,40.2,45511,28545,230800,982,92.6
127,"Fort Pierce, Florida",45581,37.7,34585,19650,125680,956,89.3
128,"Hallandale Beach, Florida",39831,46.4,56842,31594,260700,1216,111.6
129,"Lake Worth, Florida",38107,36.4,40028,19988,185238,1063,100.9
130,"Miami Beach, Florida",92307,42.8,50152,43706,458800,1306,121.0
131,"Miami Gardens, Florida",2897,33.4,50154,15937,201104,642,119.2
132,"North Miami, Florida",62225,35.3,41339,20492,218366,1150,110.2
133,"North Miami Beach, Florida",44124,38.5,43559,20658,221165,1156,110.3
134,"North Port, Florida",66300,44.2,53662,26441,175300,1186,94.2
135,"Ormond Beach, Florida",42816,50.4,57748,36493,214433,1094,89.2
136,"Palm Bay, Florida",111657,38.5,46301,22032,153200,1039,89.1
137,"Palm Beach Gardens, Florida",55036,50.5,79667,55358,358176,1621,102.3
138,"Palm Coast, Florida",86516,48.2,49578,24550,215300,1241,93.4
139,"Panama City, Florida",36986,41.0,45851,26223,154084,883,86.4
140,"Pembroke Pines, Florida",170712,39.7,72056,31358,300600,1378,113.9
141,"Plant City, Florida",38714,36.6,50587,26603,191728,976,94.1
142,"Pompano Beach, Florida",110473,45.5,49419,29844,197400,1249,113.9
143,"Port St. Lucie, Florida",189344,43.3,57045,25193,205000,1361,90.6
144,"St. Cloud, Florida",51282,38.2,47487,20996,184421,1178,91.4
145,"St. Petersburg, Florida",263255,44.8,55134,36093,198400,1083,95.3
146,"West Palm Beach, Florida",110222,39.7,51871,29232,256600,1248,101.5
147,"Winter Garden, Florida",43536,36.2,48630,25116,197943,1082,90.6
148,"Winter Haven, Florida",41280,44.0,42890,26377,142470,917,86.4
149,"Winter Springs, Florida",36635,42.2,69140,35838,255706,1188,91.4
150,"Athens-Clarke County, Georgia",125691,28.1,39714,23735,167400,843,92.7
151,"Augusta-Richmond County, Georgia",197166,34.2,37073,21152,101600,840,89.5
152,"East Point, Georgia",35282,36.2,41492,23974,110341,1037,95.1
153,"Peachtree City, Georgia",35262,41.9,93974,44048,329510,1452,97.4
154,"Sandy Springs, Georgia",106739,36.6,74223,59958,499200,1294,99.8
155,"Warner Robins, Georgia",74854,35.0,51435,25238,100100,899,90.3
156,"Boise City, Idaho",226570,36.1,55943,32557,242000,909,92.9
157,"Coeur d'Alene, Idaho",50665,36.6,51213,28049,228721,950,93.4
158,"Idaho Falls, Idaho",61076,32.3,48489,24055,154765,736,88.0
159,"Twin Falls, Idaho",49202,33.6,48611,22232,156406,772,85.3
160,"Arlington Heights, Illinois",75634,45.0,101634,53085,377500,1245,103.9
161,"Buffalo Grove, Illinois",41226,42.7,110113,52116,342437,1531,104.1
162,"Chicago Heights, Illinois",29901,34.5,47370,20785,107032,918,99.9
163,"Des Plaines, Illinois",58193,43.7,69660,33597,264150,1143,103.8
164,"Downers Grove, Illinois",49540,43.3,90691,47641,362379,1269,104.0
165,"Elk Grove Village, Illinois",32776,43.8,75652,37753,281898,1187,103.6
166,"Mount Prospect, Illinois",53930,40.1,74320,37483,334053,1076,104.3
167,"Oak Lawn, Illinois",56087,41.6,63443,31256,208075,1074,102.5
168,"Oak Park, Illinois",52261,39.4,90177,54121,403303,1142,105.1
169,"Orland Park, Illinois",58765,46.5,88659,44690,301933,1213,102.7
170,"Park Ridge, Illinois",37494,44.7,101490,54036,443263,1344,105.6
171,"Rock Island, Illinois",38110,36.7,45495,25597,101978,714,85.0
172,"St. Charles, Illinois",32714,44.2,91813,48557,304304,1177,102.1
173,"Tinley Park, Illinois",56668,41.3,78594,37233,242918,1155,102.0
174,"Fort Wayne, Indiana",265904,35.6,46599,25279,117900,721,82.6
175,"New Albany, Indiana",36461,37.4,48146,26071,142250,749,86.2
176,"South Bend, Indiana",102245,34.3,42007,23258,87600,758,84.1
177,"Terre Haute, Indiana",60774,32.7,34723,21206,78599,713,82.4
178,"Cedar Falls, Iowa",41570,27.0,53733,27985,195950,814,86.0
179,"Cedar Rapids, Iowa",132228,35.9,56096,29989,143600,767,87.3
180,"Council Bluffs, Iowa",62316,37.4,52976,28051,127650,765,89.0
181,"Des Moines, Iowa",217521,33.6,51355,26520,134300,818,89.9
182,"Iowa City, Iowa",75798,25.2,50320,28509,219100,970,92.1
183,"Sioux City, Iowa",82514,34.2,53332,24878,115700,753,86.2
184,"Kansas City, Kansas",152938,33.7,45118,21302,103800,830,86.1
185,"Overland Park, Kansas",191278,38.5,79070,45679,270800,1101,87.8
186,"Bowling Green, Kentucky",67067,26.7,40814,23643,153500,771,87.4
187,"Baton Rouge, Louisiana",225374,30.8,40796,25167,178300,855,90.4
188,"Lake Charles, Louisiana",77117,38.7,43939,29633,167100,846,86.1
189,"New Iberia, Louisiana",29620,34.6,35123,19550,121911,706,80.7
190,"New Orleans, Louisiana",393292,36.7,36999,28297,227800,962,98.4
191,"College Park, Maryland",32303,22.5,73759,24661,295946,1609,166.0
192,"Barnstable Town, Massachusetts",47607,42.3,72597,42097,384425,742,127.4
193,"Braintree Town, Massachusetts",37156,42.0,100829,51619,473400,1446,134.2
194,"Fall River, Massachusetts",89420,40.4,43235,25880,249300,758,134.1
195,"Franklin Town, Massachusetts",32996,40.8,100829,51619,473400,1208,133.2
196,"New Bedford, Massachusetts",95120,37.2,45784,27023,236200,812,133.8
197,"Weymouth Town, Massachusetts",56664,42.8,100829,51619,473400,1313,133.6
198,"Ann Arbor, Michigan",121477,27.7,70499,41074,323400,1214,96.5
199,"Battle Creek, Michigan",51286,37.0,41389,24995,101193,695,82.1
200,"Bay City, Michigan",33188,38.0,35246,21814,80912,544,80.1
201,"Dearborn Heights, Michigan",55758,38.0,53377,29735,131049,995,89.8
202,"East Lansing, Michigan",48844,21.5,35222,21875,198230,945,87.5
203,"Farmington Hills, Michigan",81050,43.4,82592,44654,257000,1223,90.9
204,"Grand Rapids, Michigan",198829,31.1,48521,25667,144200,910,85.6
205,"Lincoln Park, Michigan",36655,37.3,47060,26233,99773,853,88.7
206,"Port Huron, Michigan",29051,37.7,38801,23846,107054,712,88.4
207,"Rochester Hills, Michigan",74205,42.8,93573,48316,285300,1268,91.2
208,"Royal Oak, Michigan",59112,36.8,65392,41513,209573,1022,91.1
209,"St. Clair Shores, Michigan",59635,44.5,56840,31720,151195,977,90.2
210,"Sterling Heights, Michigan",132631,39.6,64668,30032,187800,951,89.9
211,"Apple Valley, Minnesota",52435,39.4,91140,43858,268508,1271,113.0
212,"Brooklyn Center, Minnesota",31006,32.6,64291,30213,204373,1037,112.8
213,"Brooklyn Park, Minnesota",80581,37.0,71213,31674,227800,971,112.0
214,"Coon Rapids, Minnesota",62656,38.4,76148,34547,219742,1105,112.3
215,"Cottage Grove, Minnesota",36793,35.6,91201,36441,253495,1285,112.8
216,"Eden Prairie, Minnesota",64400,40.0,112986,59603,377184,1379,113.7
217,"Inver Grove Heights, Minnesota",35392,40.3,77209,37930,246834,1125,112.5
218,"Maple Grove, Minnesota",71066,37.9,110288,49100,294200,1444,113.3
219,"St. Cloud, Minnesota",67984,30.7,46048,26275,154600,720,99.2
220,"St. Louis Park, Minnesota",49029,35.9,71056,44441,256976,1171,114.2
221,"St. Paul, Minnesota",306621,31.4,54290,29198,211100,948,113.7
222,"Olive Branch, Mississippi",37435,37.8,76062,32255,213143,1106,87.0
223,"Blue Springs, Missouri",54945,34.8,74127,34306,181353,1000,86.7
224,"Cape Girardeau, Missouri",39151,32.7,45521,24918,153127,769,78.1
225,"Jefferson City, Missouri",42895,37.6,48569,30259,164112,613,82.8
226,"Kansas City, Missouri",488943,35.1,51330,31767,152900,919,87.0
227,"St. Charles, Missouri",70329,36.9,63574,36186,185000,983,88.4
228,"St. Joseph, Missouri",76442,35.7,43585,23709,108700,727,79.7
229,"St. Louis, Missouri",308626,35.6,41441,28913,141400,779,88.7
230,"St. Peters, Missouri",57178,39.7,82506,36113,202865,957,87.8
231,"University City, Missouri",34549,37.4,52438,38503,177536,1019,89.2
232,"Butte-Silver Bow, Montana",33901,41.0,49332,29286,179873,607,85.3
233,"Great Falls, Montana",58876,40.2,46939,31028,174495,659,87.1
234,"Grand Island, Nebraska",51390,34.9,54629,26304,142452,732,77.4
235,"Carson City, Nevada",54745,43.7,54396,28731,265605,883,94.3
236,"Las Vegas, Nevada",641676,37.8,56699,30121,245500,1071,97.4
237,"North Las Vegas, Nevada",242975,32.9,56059,21508,226600,1136,97.1
238,"Concord, New Hampshire",43019,40.3,61904,32688,212594,1070,115.8
239,"Manchester, New Hampshire",111196,35.2,56819,29578,226900,1065,119.4
240,"Nashua, New Hampshire",88341,38.3,70261,37544,273900,1207,119.4
241,"Atlantic City, New Jersey",38429,36.8,37923,22553,158655,835,101.9
242,"Bayonne, New Jersey",67186,39.0,60529,32151,313200,1238,120.3
243,"Camden, New Jersey",74532,32.1,24540,13957,84700,887,100.1
244,"Clifton, New Jersey",86607,39.7,70387,31337,337300,1335,120.8
245,"East Orange, New Jersey",65378,37.1,52165,23710,187500,1103,113.0
246,"Elizabeth, New Jersey",130215,34.4,46754,20412,272700,1162,118.2
247,"Fair Lawn, New Jersey",33710,42.3,104040,45685,422645,1546,120.6
248,"Fort Lee, New Jersey",37907,46.0,83894,53649,371279,1726,124.5
249,"Garfield, New Jersey",32393,35.7,61662,27646,348428,1291,122.5
250,"Hackensack, New Jersey",45248,39.1,71136,38017,322452,1393,122.1
251,"Hoboken, New Jersey",55131,32.1,104248,77663,578535,2129,129.8
252,"Jersey City, New Jersey",270753,33.8,66264,38348,379900,1338,123.6
253,"Kearny, New Jersey",42670,37.2,79594,37552,386618,1266,120.5
254,"Linden, New Jersey",43056,37.4,64759,31196,303297,1246,116.4
255,"Newark, New Jersey",285154,34.4,35167,18812,235000,1063,118.3
256,"New Brunswick, New Jersey",57073,23.9,50108,20311,260499,1503,124.1
257,"Passaic, New Jersey",71247,29.0,36723,16205,346100,1144,125.6
258,"Paterson, New Jersey",148678,32.0,41367,16878,241800,1179,121.9
259,"Perth Amboy, New Jersey",52823,33.0,52230,21277,273762,1298,123.3
260,"Plainfield, New Jersey",51327,34.7,65231,27886,274183,1207,114.8
261,"Trenton, New Jersey",84964,33.8,31882,18165,98100,1086,111.8
262,"Union City, New Jersey",70387,36.8,40468,21009,335600,1215,128.5
263,"Vineland, New Jersey",60392,39.6,53872,27279,170823,1031,99.9
264,"Westfield, New Jersey",30433,41.7,137482,69066,674591,1597,117.9
265,"West New York, New Jersey",54227,35.5,53299,30060,391956,1276,127.5
266,"Alamogordo, New Mexico",31248,36.6,45901,24692,125104,685,81.8
267,"Albuquerque, New Mexico",558545,37.0,50456,28732,196900,837,92.9
268,"Clovis, New Mexico",38962,31.2,40599,22083,136810,813,84.7
269,"Farmington, New Mexico",45450,33.9,51021,24137,194584,843,87.5
270,"Hobbs, New Mexico",37764,31.0,54651,23200,154265,811,84.3
271,"Las Cruces, New Mexico",101712,33.8,36364,22405,144100,743,85.4
272,"Rio Rancho, New Mexico",96159,38.4,57349,25064,187900,1104,93.8
273,"Roswell, New Mexico",47775,33.6,45154,22317,116262,802,83.0
274,"Santa Fe, New Mexico",83776,42.4,57022,32951,283000,998,98.3
275,"Albany, New York",98251,31.2,49307,29149,177100,988,107.7
276,"Binghamton, New York",45179,36.4,30275,21975,88351,712,101.1
277,"Buffalo, New York",258612,32.9,34814,23018,92700,725,101.2
278,"Hempstead, New York",55806,33.9,59797,23758,328372,1378,152.3
279,"Ithaca, New York",31006,22.2,32235,19486,251738,1152,113.1
280,"Jamestown, New York",29591,38.4,33152,20088,65166,605,82.6
281,"Long Beach, New York",33750,44.3,87553,51060,492558,1844,157.8
282,"Mount Vernon, New York",68703,40.6,55564,33088,341400,1375,153.4
283,"New Rochelle, New York",79946,40.6,84516,49577,595000,1432,154.7
284,"New York, New York",8622698,36.6,60879,37447,609500,1379,162.7
285,"Niagara Falls, New York",48460,38.6,35995,22595,76050,665,100.7
286,"North Tonawanda, New York",30475,44.3,56169,31030,122506,686,101.0
287,"Poughkeepsie, New York",30614,37.7,42099,27296,193237,1088,136.6
288,"Rochester, New York",208046,33.3,33588,24212,82400,833,102.7
289,"Rome, New York",32473,39.1,47866,25190,98063,738,99.7
290,"Schenectady, New York",65625,38.1,42565,23814,105900,864,105.8
291,"Syracuse, New York",143396,30.7,35568,19832,90100,791,102.1
292,"Troy, New York",49565,30.4,41484,24089,154321,883,107.5
293,"Utica, New York",60635,33.7,35580,20330,92380,680,100.1
294,"Valley Stream, New York",37935,40.8,101686,39268,409827,1676,152.3
295,"White Plains, New York",59047,38.5,88144,49810,561460,1760,157.3
296,"Yonkers, New York",202019,38.7,59846,32753,429300,1384,156.3
297,"Apex, North Carolina",50451,37.6,105405,42596,318495,1267,94.6
298,"Asheville, North Carolina",91902,40.7,50184,34341,267000,1088,93.9
299,"Burlington, North Carolina",53077,38.0,40116,25047,132025,759,91.3
300,"Cary, North Carolina",165904,39.9,99209,46409,356800,1204,94.9
301,"Chapel Hill, North Carolina",59862,26.9,71972,42552,393063,1185,95.9
302,"Charlotte, North Carolina",859035,34.4,61350,37300,215500,1088,92.4
303,"Concord, North Carolina",92067,37.5,67844,33816,212300,903,91.2
304,"Durham, North Carolina",267743,34.2,56375,33912,230100,1014,93.9
305,"Fayetteville, North Carolina",209889,30.4,42629,23215,132400,883,88.9
306,"Gastonia, North Carolina",76593,39.7,46688,25428,149600,831,91.0
307,"Goldsboro, North Carolina",35197,34.0,35549,22349,122927,745,87.1
308,"Greensboro, North Carolina",290222,36.4,47043,28556,157000,826,91.1
309,"Greenville, North Carolina",92156,27.7,39423,24691,156700,818,89.4
310,"Hickory, North Carolina",40611,38.1,48825,31025,167561,713,86.5
311,"High Point, North Carolina",111513,36.9,49860,25451,144600,840,90.7
312,"Huntersville, North Carolina",56212,37.6,99645,44240,310105,1278,93.0
313,"Jacksonville, North Carolina",72447,22.4,43839,22440,149000,1011,89.5
314,"Kannapolis, North Carolina",48806,36.0,50270,26960,150318,867,91.3
315,"Monroe, North Carolina",35065,34.3,50220,21344,159005,850,91.0
316,"Mooresville, North Carolina",37820,34.2,66892,31249,221126,1000,83.1
317,"Raleigh, North Carolina",464758,33.4,64660,35484,239700,1082,94.6
318,"Rocky Mount, North Carolina",54523,37.7,38504,21405,112015,846,86.2
319,"Salisbury, North Carolina",33849,39.1,38657,23015,123919,714,80.8
320,"Wake Forest, North Carolina",42269,36.1,89485,35881,306716,1100,94.1
321,"Wilmington, North Carolina",119045,36.7,46079,33332,249400,902,94.5
322,"Wilson, North Carolina",49348,38.1,44805,23036,139437,783,81.1
323,"Winston-Salem, North Carolina",244605,36.1,44146,27961,146300,774,88.3
324,"Bismarck, North Dakota",72865,37.3,62755,33955,247400,852,83.0
325,"Fargo, North Dakota",122359,30.7,59542,31819,213300,785,99.6
326,"Grand Forks, North Dakota",57056,29.2,45384,31134,212164,741,99.3
327,"Minot, North Dakota",47822,32.8,61950,34748,208549,810,80.9
328,"Bowling Green, Ohio",31820,23.1,41574,22151,189692,675,93.4
329,"Cleveland Heights, Ohio",44562,35.8,55818,36612,131700,928,95.5
330,"Cuyahoga Falls, Ohio",49247,39.5,55365,31624,140843,834,96.5
331,"Grove City, Ohio",41022,39.2,72158,30951,181860,972,95.0
332,"Huber Heights, Ohio",37986,36.8,58359,27384,115013,889,94.4
333,"North Olmsted, Ohio",31734,44.9,62759,34520,166987,924,95.9
334,"North Royalton, Ohio",30294,42.8,68559,37756,203232,874,95.8
335,"Upper Arlington, Ohio",35337,42.3,99949,58314,321519,1145,97.2
336,"Broken Arrow, Oklahoma",108303,36.8,68811,31975,168200,1028,87.2
337,"Oklahoma City, Oklahoma",643648,34.2,52062,28507,158200,841,85.4
338,"Grants Pass, Oregon",37579,38.3,42067,23436,235993,886,91.3
339,"Oregon City, Oregon",36360,38.2,75912,32993,348350,1179,102.6
340,"Bethel Park, Pennsylvania",32404,46.3,82274,42695,212143,954,95.2
341,"State College, Pennsylvania",42430,22.5,32744,19853,313414,957,104.4
342,"Cranston, Rhode Island",81202,38.6,71263,32535,245600,1039,92.6
343,"East Providence, Rhode Island",47600,42.7,59021,32025,223813,914,92.3
344,"Pawtucket, Rhode Island",72001,35.1,45380,25366,189300,877,92.2
345,"Providence, Rhode Island",180393,32.0,44517,26730,203300,938,94.1
346,"Warwick, Rhode Island",80871,43.2,73966,36904,218400,1066,91.8
347,"Woonsocket, Rhode Island",41759,37.8,41363,23756,170550,836,91.5
348,"Charleston, South Carolina",134875,34.7,63364,41299,344600,1236,95.1
349,"Columbia, South Carolina",133114,28.1,42646,29029,192500,878,88.0
350,"Florence, South Carolina",37778,39.2,46594,28519,159095,736,82.0
351,"Goose Creek, South Carolina",42619,32.2,64714,28985,195241,1184,92.1
352,"Greenville, South Carolina",68219,35.9,52900,42207,282900,904,88.7
353,"Hilton Head Island, South Carolina",40055,57.1,70466,50149,488717,1138,92.9
354,"Mount Pleasant, South Carolina",86668,43.5,91259,53021,449000,1660,96.6
355,"North Charleston, South Carolina",110861,34.5,39265,24575,179600,983,92.6
356,"Rock Hill, South Carolina",73068,33.9,52663,28939,159300,913,91.0
357,"Spartanburg, South Carolina",37498,35.2,40047,25808,126476,789,83.5
358,"Summerville, South Carolina",50388,36.4,63208,30360,217570,1093,92.0
359,"Sumter, South Carolina",39982,34.9,41907,24411,153830,773,83.2
360,"Rapid City, South Dakota",74421,36.4,49602,29751,184200,826,83.3
361,"Sioux Falls, South Dakota",176888,34.8,61915,33111,193900,781,80.7
362,"Johnson City, Tennessee",66391,36.9,35700,27432,166900,733,83.6
363,"La Vergne, Tennessee",35717,32.1,65370,26160,171838,1149,88.5
364,"Cedar Hill, Texas",48710,34.3,78728,31745,185407,1393,94.5
365,"Cedar Park, Texas",75704,33.1,99461,37392,307200,1296,93.1
366,"College Station, Texas",113564,22.9,44124,24753,244000,945,89.4
367,"Copperas Cove, Texas",32706,34.1,55510,23835,118686,884,84.2
368,"Corpus Christi, Texas",325605,35.3,53605,27593,141300,970,86.7
369,"Deer Park, Texas",33891,35.5,84439,35251,186399,1166,92.9
370,"Del Rio, Texas",36006,32.7,40611,18360,124391,685,79.6
371,"El Paso, Texas",683577,33.4,44754,21908,127700,832,82.6
372,"Flower Mound, Texas",76681,41.6,133521,52804,366600,1750,96.4
373,"Fort Worth, Texas",874168,32.9,60205,28174,169400,994,94.3
374,"Grand Prairie, Texas",193837,33.6,67099,26132,164000,1056,93.5
375,"Haltom City, Texas",44417,32.9,54683,24564,131139,950,94.2
376,"La Porte, Texas",35371,38.1,76834,30546,166354,1118,92.7
377,"League City, Texas",104903,33.6,98593,40577,253400,1286,93.3
378,"Missouri City, Texas",74497,39.3,76572,35502,195500,1489,94.1
379,"New Braunfels, Texas",79152,34.9,58814,30478,219100,1126,88.7
380,"North Richland Hills, Texas",70441,41.7,67307,34463,199600,1176,95.4
381,"Port Arthur, Texas",55498,33.7,36327,20718,65644,764,81.2
382,"Round Rock, Texas",123678,33.7,79444,32195,267500,1210,92.9
383,"San Angelo, Texas",100119,34.0,46100,25901,134600,815,84.0
384,"San Antonio, Texas",1511946,33.6,50044,24625,148200,926,87.2
385,"San Juan, Texas",36981,29.9,33887,13203,76928,611,80.8
386,"San Marcos, Texas",63071,24.4,37657,19976,152651,996,92.9
387,"Sugar Land, Texas",88485,41.3,110798,52697,332900,1667,95.5
388,"Texas City, Texas",48558,37.3,59765,27887,158265,904,92.3
389,"The Colony, Texas",42721,34.9,94983,33465,211444,1364,94.6
390,"Wichita Falls, Texas",104747,32.8,42959,22485,101900,758,82.7
391,"Cottonwood Heights, Utah",33996,36.6,92808,41845,372457,1211,91.7
392,"Pleasant Grove, Utah",38845,26.4,79947,23881,313222,1160,87.5
393,"St. George, Utah",84405,38.1,54210,27217,289500,943,88.7
394,"Salt Lake City, Utah",200544,31.2,58688,33065,307900,946,92.9
395,"South Jordan, Utah",70954,34.0,103534,37883,385600,1391,92.0
396,"Spanish Fork, Utah",39443,25.7,74829,23660,267451,1107,87.1
397,"West Valley City, Utah",136170,31.0,65143,23237,219800,1041,90.9
398,"Newport News, Virginia",179388,33.4,49716,26539,192500,995,96.3
399,"Virginia Beach, Virginia",450435,36.2,72586,36608,282300,1321,97.3
400,"University Place, Washington",33401,37.3,70365,36822,375426,1133,113.8
401,"Charleston, West Virginia",47929,41.9,42501,33932,150394,660,85.8
402,"Huntington, West Virginia",47079,34.8,27534,24109,125884,667,84.5
403,"Parkersburg, West Virginia",30096,42.6,35772,23474,111953,679,91.8
404,"Eau Claire, Wisconsin",68587,31.5,52355,27780,149100,781,90.5
405,"Fond du Lac, Wisconsin",42809,37.9,51143,27379,123696,738,90.8
406,"Green Bay, Wisconsin",105116,37.1,47794,26687,138600,692,91.6
407,"La Crosse, Wisconsin",51834,29.2,44511,24488,141461,766,99.2
408,"Menomonee Falls, Wisconsin",37443,43.9,78121,41541,250079,1031,98.6
409,"New Berlin, Wisconsin",39740,47.6,79144,44107,256881,1161,99.1
410,"Oak Creek, Wisconsin",36354,38.3,71747,37083,223749,1009,98.2
411,"West Allis, Wisconsin",59934,38.4,48491,27822,146032,795,97.6
412,"West Bend, Wisconsin",31596,39.0,57826,31569,174860,831,97.4
413,"Queen Creek, Arizona",39184,32.6,87388,30937,378232,1394,95.8
414,"San Luis, Arizona",32446,28.4,33396,7870,118533,655,88.1
415,"Paso Robles, California",42751,35.8,71600,33104,456419,642,114.7
416,"Los Altos, California",30743,46.0,208309,105984,2341612,3296,170.2
417,"Los Gatos, California",30724,46.0,147924,82160,1728928,2406,167.9
418,"San Carlos, California",30499,42.5,168378,83629,1469842,2339,170.3
419,"San Pablo, California",31156,34.1,51152,19718,332525,1336,145.3
420,"Cooper City, Florida",35732,39.8,102482,37463,390796,1915,115.5
421,"Dania Beach, Florida",21477,39.9,46526,28356,232804,679,121.6
422,"Miami Lakes, Florida",31087,39.0,84888,40570,410517,1584,110.7
423,"Winter Park, Florida",30879,44.2,64026,53882,437017,1155,95.0
424,"Post Falls, Idaho",33290,34.2,54523,25301,215602,1018,93.3
425,"Crown Point, Indiana",29625,42.3,69519,33919,190000,948,95.9
426,"West Lafayette, Indiana",46269,21.8,33575,25830,197012,842,90.1
427,"Dover, New Hampshire",31398,35.7,69582,37973,286495,1135,134.5
428,"Rochester, New Hampshire",30797,40.8,64385,30527,196046,1030,132.3
429,"Princeton, New Jersey",31822,32.7,94183,41326,692967,1550,119.6
430,"Cornelius, North Carolina",29191,40.7,91329,53382,320323,1258,93.6
431,"Fuquay-Varina, North Carolina",27906,35.2,78924,30089,243303,1152,94.1
432,"Garner, North Carolina",28858,37.5,63888,30148,184624,1066,93.7
433,"Holly Springs, North Carolina",35223,34.8,106494,37514,291193,1302,94.4
434,"Sanford, North Carolina",29313,35.2,47612,22879,146105,726,80.5
435,"Aiken, South Carolina",30721,47.4,56833,32841,186416,862,90.3
436,"Greer, South Carolina",30899,34.3,54014,28264,170191,848,85.7
437,"Myrtle Beach, South Carolina",32795,43.7,38339,28245,188902,880,90.7
438,"Mount Juliet, Tennessee",34726,35.5,84779,33257,273491,1301,89.7
439,"Spring Hill, Tennessee",39602,32.1,95142,33177,287373,1486,87.8
440,"Harker Heights, Texas",31075,33.3,61125,28835,188229,848,84.8
441,"Little Elm, Texas",46548,33.4,74529,26830,211665,1611,95.7
442,"American Fork, Utah",29527,27.7,79823,25484,293439,1193,87.4
443,"Eagle Mountain, Utah",32204,20.5,80049,25558,298482,1546,88.9
444,"Saratoga Springs, Utah",29608,20.3,95581,31758,349296,1582,88.8
445,"Des Moines, Washington",31238,40.4,65256,33492,366857,1330,117.4
446,"Lake Stevens, Washington",32785,33.8,87338,34138,357033,1557,115.5
447,"Morgantown, West Virginia",30547,24.8,36709,26155,240343,773,89.6
448,"Alabaster, Alabama",33202,37.8,73347,29351,174361,985,87.3
449,"Auburn, Alabama",63973,24.7,47418,27675,241613,833,85.2
450,"Birmingham, Alabama",210710,35.8,33553,22914,87800,790,86.7
451,"Decatur, Alabama",54405,39.4,44115,25970,145677,619,81.7
452,"Dothan, Alabama",68202,37.3,44280,26673,156800,712,81.0
453,"Florence, Alabama",39852,36.6,38234,23501,144572,630,81.9
454,"Gadsden, Alabama",35409,40.7,30566,20216,75412,580,80.4
455,"Hoover, Alabama",84920,41.0,84054,45047,283500,1075,88.7
456,"Huntsville, Alabama",194585,37.3,50704,33656,170900,777,83.4
457,"Madison, Alabama",48861,38.5,93692,44135,251826,891,83.2
458,"Mobile, Alabama",190265,37.3,40316,26870,124800,797,83.8
459,"Montgomery, Alabama",199518,36.0,42419,24612,119500,827,84.7
460,"Prattville, Alabama",35498,37.3,61269,30502,168897,994,85.8
461,"Tuscaloosa, Alabama",100287,28.6,47243,24601,170500,826,86.2
462,"Anchorage, Alaska",294356,34.0,79166,37992,320000,1291,103.4
463,"Fairbanks, Alaska",31644,27.7,63456,32068,235660,1246,104.4
464,"Juneau, Alaska",32094,38.5,88028,40352,356183,1212,91.6
465,"Avondale, Arizona",84025,31.4,55468,23029,207300,1126,94.6
466,"Buckeye, Arizona",68453,33.5,74970,23579,216400,1241,94.1
467,"Chandler, Arizona",253458,37.3,76860,37148,292800,1254,95.5
468,"Flagstaff, Arizona",71975,26.5,56059,25711,344600,1300,99.6
469,"Gilbert, Arizona",242354,34.4,84699,35777,320000,1384,95.6
470,"Glendale, Arizona",246709,32.4,53753,25672,220600,974,94.7
471,"Goodyear, Arizona",79858,38.5,87481,35638,298900,1359,95.3
472,"Marana, Arizona",44792,38.3,73966,32454,227075,1296,91.2
473,"Maricopa, Arizona",48007,36.0,45087,13304,178014,1308,94.6
474,"Mesa, Arizona",496401,35.6,55014,27808,224700,1003,95.2
475,"Peoria, Arizona",168181,41.0,72142,34703,255800,1155,94.9
476,"Phoenix, Arizona",1626078,33.8,56696,27999,231000,1013,95.2
477,"Prescott, Arizona",42731,57.8,50822,32411,338010,902,94.5
478,"Scottsdale, Arizona",249950,46.0,88407,58773,473300,1315,98.6
479,"Surprise, Arizona",134085,44.3,65898,32319,231900,1268,95.1
480,"Tempe, Arizona",185038,29.9,51986,28808,266900,1182,97.0
481,"Tucson, Arizona",535677,34.1,41613,22511,150400,817,89.2
482,"Yuma, Arizona",95502,32.2,50195,23440,143400,904,88.6
483,"Benton, Arkansas",35789,36.3,54408,29864,146677,787,84.3
484,"Bentonville, Arkansas",49298,33.0,82461,41370,225680,921,82.9
485,"Conway, Arkansas",65782,28.5,43182,25759,178800,778,85.2
486,"Fayetteville, Arkansas",85257,26.6,42365,26347,218300,732,83.5
487,"Jonesboro, Arkansas",75866,33.5,49563,27211,153000,765,81.2
488,"Rogers, Arkansas",66430,32.2,60527,31926,171600,877,82.8
489,"Springdale, Arkansas",79599,32.6,51152,22792,144400,718,82.4
490,"Adelanto, California",34066,27.9,36413,12200,176704,1099,80.6
491,"Alameda, California",79177,38.9,89979,46715,891700,1790,157.7
492,"Alhambra, California",85396,42.5,61724,31680,597200,1350,146.9
493,"Anaheim, California",352497,34.3,70395,26538,577500,1578,88.2
494,"Antioch, California",111674,36.2,70696,28472,408100,1708,142.1
495,"Arcadia, California",58799,44.6,96596,44212,1180725,1570,149.7
496,"Azusa, California",49864,29.8,61504,21062,436360,1395,137.8
497,"Bakersfield, California",380874,31.3,57105,24170,239700,1082,92.2
498,"Beaumont, California",46967,35.6,75361,28368,318762,1300,80.7
499,"Bell, California",36217,30.5,42282,14189,417956,1076,139.2
500,"Bellflower, California",77772,35.8,60233,24962,471800,1371,139.6
501,"Berkeley, California",122324,30.0,86497,46490,993500,1627,162.2
502,"Brea, California",42777,38.3,95026,42655,668670,1791,87.6
503,"Brentwood, California",62433,39.3,104489,38909,593479,2249,143.9
504,"Burbank, California",104834,38.9,71558,39698,723000,1635,147.0
505,"Calexico, California",40351,32.4,40080,16109,218891,882,94.3
506,"Camarillo, California",67845,44.0,101310,50613,622100,1962,92.8
507,"Campbell, California",41544,39.2,120972,57855,1035694,2192,159.9
508,"Carlsbad, California",115330,45.4,101646,56821,809700,1998,139.8
509,"Carson, California",92735,39.1,66784,25063,467600,1314,136.9
510,"Ceres, California",48697,30.5,56062,20421,257739,1170,97.9
511,"Cerritos, California",51020,46.3,105426,39997,758257,2349,141.7
512,"Chico, California",93293,30.8,50544,29109,332300,983,97.4
513,"Chino, California",89797,37.8,72396,21769,465000,1626,83.0
514,"Claremont, California",36015,40.2,103263,44480,719192,1553,136.7
515,"Clovis, California",109691,34.8,78146,32085,319100,1164,95.5
516,"Coachella, California",45443,29.2,36070,15226,212894,941,115.8
517,"Colton, California",54828,30.9,49955,19708,247223,1126,81.4
518,"Compton, California",97612,30.7,50637,16302,346300,1193,136.1
519,"Concord, California",129783,39.3,89118,36691,572800,1750,147.0
520,"Corona, California",167836,33.0,83345,30584,470300,1540,82.2
521,"Covina, California",48462,36.9,72779,28813,523751,1421,137.9
522,"Cupertino, California",60777,41.2,171091,67804,1607281,3225,168.4
523,"Cypress, California",49064,42.1,95164,37305,631223,1847,87.6
524,"Danville, California",44786,45.5,164688,77703,1201223,2584,152.3
525,"Davis, California",68986,25.1,72800,42237,649700,1515,107.5
526,"Delano, California",53138,30.3,37968,12037,181202,839,91.9
527,"Downey, California",113092,34.7,72178,28310,556600,1372,138.8
528,"Dublin, California",60939,37.0,154993,58906,910585,2654,149.1
529,"Encinitas, California",63184,43.4,112108,63126,1002608,2001,143.9
530,"Escondido, California",151969,34.2,62210,27037,442800,1438,136.5
531,"Fairfield, California",116266,34.7,81231,35322,415700,1611,136.7
532,"Folsom, California",78038,41.3,116592,46757,521600,1667,102.0
533,"Fontana, California",211815,29.3,67067,22610,373600,1269,82.0
534,"Fremont, California",234962,37.4,127235,49740,927500,2280,154.7
535,"Fresno, California",527438,31.5,48600,22870,234500,954,95.5
536,"Fullerton, California",140392,36.4,77385,33734,672300,1609,88.7
537,"Gardena, California",60224,41.3,54130,25958,483261,1269,142.2
538,"Gilroy, California",57664,34.2,96714,35190,683633,1836,148.8
539,"Glendale, California",203054,43.9,58861,33904,790300,1549,151.0
540,"Glendora, California",52445,42.1,92096,38970,613991,1610,137.7
541,"Hanford, California",56499,33.6,64017,25560,233330,899,92.2
542,"Hawthorne, California",87854,33.2,50063,23980,601400,1183,146.0
543,"Hayward, California",160500,34.9,89925,32021,595500,1795,149.7
544,"Hemet, California",85160,39.7,39801,19624,194900,1074,81.0
545,"Hesperia, California",94859,31.7,55418,18672,238600,1150,80.6
546,"Highland, California",55342,32.9,58278,24189,336274,1048,81.6
547,"Hollister, California",38404,33.0,83194,27374,477807,1425,104.9
548,"Indio, California",88484,43.5,45278,26930,277400,977,118.5
549,"Inglewood, California",110598,36.5,51456,23337,528300,1260,143.7
550,"Irvine, California",277453,34.1,104185,45294,822100,2262,89.3
551,"Lakewood, California",80967,38.6,83485,31634,583200,1829,140.5
552,"Lancaster, California",160316,34.1,52878,20960,262400,1193,128.7
553,"Lawndale, California",33078,35.6,58451,23189,495847,1439,143.7
554,"Lincoln, California",47674,43.6,78882,36368,441880,1796,103.5
555,"Livermore, California",90295,39.5,118406,56203,745600,1868,146.5
556,"Lodi, California",65884,32.4,51902,26659,326800,1074,100.4
557,"Lompoc, California",43542,32.5,51298,22754,299845,1144,110.1
558,"Lynwood, California",71099,30.1,48812,15075,412500,1196,139.1
559,"Madera, California",65508,28.4,42144,15320,210800,939,94.8
560,"Manteca, California",79268,36.5,71324,27296,374800,1330,100.0
561,"Martinez, California",38373,44.2,105736,47938,621517,1741,140.7
562,"Menifee, California",90595,39.1,63944,27186,352700,1448,80.7
563,"Merced, California",83081,30.7,40573,19659,222700,1032,94.4
564,"Milpitas, California",78106,34.9,127984,44599,854100,2422,156.5
565,"Modesto, California",214221,35.8,56493,25911,279600,1148,97.8
566,"Monrovia, California",37061,40.1,76042,37505,719549,1457,143.6
567,"Montclair, California",39276,33.2,57287,19597,354574,1280,82.9
568,"Montebello, California",63192,37.4,53603,23467,524226,1284,142.5
569,"Moorpark, California",36802,38.4,103248,42766,674719,1935,92.9
570,"Murrieta, California",113326,34.9,82249,32738,417000,1725,81.7
571,"Napa, California",79774,38.5,82361,39960,633200,1763,149.5
572,"Newark, California",47531,38.0,108733,39002,730586,2158,151.8
573,"Norwalk, California",106084,36.5,74730,24318,441000,1527,137.1
574,"Novato, California",55980,45.6,97708,52762,755925,2094,160.4
575,"Oakland, California",425195,36.7,70577,40262,686700,1394,156.1
576,"Oakley, California",41714,34.7,96348,31996,437792,1600,139.5
577,"Oceanside, California",176193,39.0,71609,34468,514600,1755,137.5
578,"Ontario, California",175841,33.2,60086,22807,369700,1449,82.8
579,"Orange, California",140560,35.2,91092,37713,656300,1689,87.7
580,"Oxnard, California",210037,32.6,68994,24052,458400,1530,92.7
581,"Pacifica, California",39087,42.5,118079,51900,877427,2415,164.3
582,"Palmdale, California",157519,31.3,60518,21198,274100,1298,129.1
583,"Paramount, California",54909,31.3,52273,17472,361437,1332,137.6
584,"Pasadena, California",142647,37.4,76972,44305,802500,1611,147.1
585,"Perris, California",77879,27.4,62340,16931,283300,1366,81.0
586,"Petaluma, California",60870,42.2,95176,43619,681777,1839,145.7
587,"Pittsburg, California",72141,33.7,65497,28299,387700,1602,138.2
588,"Placentia, California",52157,37.5,93222,35848,641406,1753,87.5
589,"Pleasanton, California",83007,43.7,152123,74447,997500,2346,148.9
590,"Pomona, California",152939,33.9,58837,20845,405000,1259,135.8
591,"Porterville, California",59145,30.3,41150,17632,184913,898,88.5
592,"Poway, California",50041,40.5,110484,45363,721464,1619,136.7
593,"Redding, California",91794,37.9,50320,30148,260000,1039,95.5
594,"Redlands, California",71554,39.1,65053,35203,383800,1209,82.0
595,"Rialto, California",103562,31.7,57065,19235,307900,1227,81.9
596,"Richmond, California",110040,35.1,67102,29771,495400,1460,148.2
597,"Riverside, California",327728,30.9,66928,24733,368600,1352,82.0
598,"Rocklin, California",64838,38.2,92269,39641,477920,1590,102.1
599,"Rosemead, California",54554,42.2,53349,20046,581457,1307,147.6
600,"Roseville, California",135329,39.3,80426,38110,441100,1582,102.6
601,"Sacramento, California",501901,35.2,56943,31207,335900,1215,102.4
602,"Salinas, California",157596,31.4,60370,20543,431500,1388,108.4
603,"Santee, California",58113,38.7,87912,34604,461830,1735,135.4
604,"Seaside, California",34150,31.5,64968,23528,485066,1527,110.9
605,"Stanton, California",38528,34.9,53300,20983,371179,1429,87.4
606,"Stockton, California",310496,32.9,51336,22831,282000,1059,98.7
607,"Sunnyvale, California",153656,36.1,134234,60604,1220900,2390,164.2
608,"Temecula, California",114327,34.9,89173,35708,457300,1868,82.1
609,"Torrance, California",146758,42.9,88860,42098,760300,1672,143.6
610,"Tracy, California",90889,34.4,89936,31441,456100,1726,100.7
611,"Tulare, California",63855,29.4,51126,20066,201239,1012,88.3
612,"Turlock, California",73556,34.5,59836,28082,305100,1121,98.5
613,"Tustin, California",80498,35.9,81285,39627,668500,1883,88.5
614,"Upland, California",76999,38.1,70760,33146,495700,1382,83.2
615,"Vacaville, California",100032,39.7,80425,32415,426400,1586,137.6
616,"Vallejo, California",122105,36.5,65493,29827,373100,1404,137.3
617,"Victorville, California",122441,33.3,50997,20086,221500,1151,80.5
618,"Visalia, California",133010,31.2,64482,27346,233900,967,87.8
619,"Vista, California",101568,34.4,68130,26993,478000,1605,138.1
620,"Watsonville, California",54098,30.1,55776,20644,467302,1434,157.7
621,"Westminster, California",91564,42.0,57938,27231,600100,1601,89.7
622,"Whittier, California",86838,35.4,66525,27996,581300,1329,140.8
623,"Wildomar, California",36932,35.0,70993,25855,356870,1478,81.6
624,"Woodland, California",60012,35.8,64476,29223,367372,1097,101.8
625,"Yucaipa, California",53683,38.5,61488,27416,321238,1083,81.3
626,"Arvada, Colorado",118807,39.8,81787,39899,382700,1243,110.3
627,"Aurora, Colorado",366623,34.4,63055,29099,299600,1321,110.6
628,"Boulder, Colorado",107125,27.2,66524,42778,694900,1542,122.9
629,"Brighton, Colorado",40562,33.4,65752,24965,311229,1267,110.0
630,"Broomfield, Colorado",68341,38.4,90939,45046,416600,1565,111.0
631,"Centennial, Colorado",110250,41.0,75357,39054,366300,1747,102.1
632,"Denver, Colorado",704621,34.5,65224,42271,395100,1286,113.2
633,"Englewood, Colorado",34407,36.5,54781,29004,316210,1186,103.0
634,"Greeley, Colorado",105448,32.4,53379,24182,248000,935,103.2
635,"Lakewood, Colorado",154958,37.9,67255,36662,385200,1354,112.1
636,"Littleton, Colorado",47734,42.1,71155,39795,405578,1294,102.4
637,"Longmont, Colorado",94341,37.8,73832,36823,366900,1300,113.7
638,"Loveland, Colorado",76701,43.0,60933,33014,316700,1197,99.1
639,"Northglenn, Colorado",38928,34.5,67857,28204,319500,1245,109.8
640,"Parker, Colorado",54202,36.0,99635,39261,382856,1413,109.5
641,"Pueblo, Colorado",111127,38.1,36124,21368,139500,756,93.2
642,"Thornton, Colorado",136978,35.6,77092,30639,324800,1424,110.3
643,"Westminster, Colorado",112812,36.6,64214,33404,341200,1370,111.3
644,"Bridgeport, Connecticut",146579,34.8,45048,22785,177600,1091,130.9
645,"Bristol, Connecticut",60223,40.3,65041,32888,195115,954,104.6
646,"Danbury, Connecticut",85246,38.2,65596,32948,314300,1428,133.0
647,"Hartford, Connecticut",123400,30.7,33677,18992,168000,926,106.8
648,"Meriden, Connecticut",59927,42.6,59110,33660,172392,984,127.1
649,"Middletown, Connecticut",46478,37.3,62328,35012,226486,1083,125.4
650,"Milford, Connecticut",52970,44.7,89151,44598,300964,1560,131.5
651,"Naugatuck, Connecticut",31461,39.2,65399,35542,179164,1012,126.7
652,"Norwalk, Connecticut",89005,38.5,70236,40865,423500,1575,137.2
653,"Norwich, Connecticut",39470,37.5,55674,29802,168552,973,106.4
654,"Shelton, Connecticut",41397,47.0,90667,46348,348121,1300,131.0
655,"Stamford, Connecticut",130824,38.0,87316,55279,517700,1705,138.0
656,"Torrington, Connecticut",34538,44.9,62916,32035,166990,921,126.5
657,"Waterbury, Connecticut",108629,34.7,42969,22341,134000,922,127.1
658,"Dover, Delaware",37538,30.0,54399,29398,232603,954,91.2
659,"Newark, Delaware",33858,24.1,61992,28331,291835,1243,102.3
660,"Wilmington, Delaware",71106,36.4,35963,29396,176800,963,102.1
661,"Apopka, Florida",51564,38.6,57172,26654,229960,1161,91.2
662,"Aventura, Florida",38202,50.4,61813,57751,300571,1897,113.8
663,"Bradenton, Florida",56508,44.2,49879,28164,220012,1099,95.5
664,"Clearwater, Florida",115513,42.3,44062,28512,207200,984,96.1
665,"Davie, Florida",105149,37.6,63243,35994,281200,1449,114.1
666,"Deltona, Florida",90746,38.5,53171,21101,148500,1115,88.3
667,"Doral, Florida",61130,35.4,73661,38937,417898,2038,113.9
668,"Dunedin, Florida",36545,52.8,48322,33237,200296,1080,95.8
669,"Gainesville, Florida",132249,26.7,34226,24202,156900,947,88.7
670,"Greenacres, Florida",40719,35.9,49234,24859,178104,1287,100.1
671,"Hialeah, Florida",239673,46.5,34512,17733,232600,1085,111.5
672,"Hollywood, Florida",153627,39.6,50775,28357,261700,1179,115.9
673,"Homestead, Florida",69907,32.1,47426,20652,223200,1303,108.1
674,"Jacksonville, Florida",892062,35.8,51497,28531,177000,988,87.8
675,"Jupiter, Florida",64976,46.9,73229,45199,346122,1626,102.9
676,"Kissimmee, Florida",71104,33.0,39871,18207,166800,1141,91.6
677,"Lakeland, Florida",108054,41.0,46466,26240,150800,981,86.7
678,"Largo, Florida",84754,50.1,43363,26907,129500,965,94.1
679,"Lauderhill, Florida",71970,33.3,38471,17534,174600,1135,111.4
680,"Margate, Florida",58430,43.8,52794,27691,208712,1287,113.7
681,"Melbourne, Florida",82011,46.6,43979,27063,162100,979,89.4
682,"Miami, Florida",463347,39.8,40327,27250,322100,1165,116.0
683,"Miramar, Florida",140328,35.9,70381,28656,314600,1236,113.1
684,"Ocala, Florida",59110,37.5,42458,25502,140434,856,84.5
685,"Ocoee, Florida",46402,36.1,69711,29025,256601,1272,91.6
686,"Orlando, Florida",280257,33.0,47594,28571,232600,1152,92.8
687,"Oviedo, Florida",40785,35.4,83257,32640,271521,1514,92.0
688,"Pensacola, Florida",52590,38.9,48003,30809,160809,911,85.4
689,"Plantation, Florida",93909,40.9,73817,34294,317700,1551,115.2
690,"Sanford, Florida",59317,34.8,40465,20845,149521,1088,91.0
691,"Sarasota, Florida",56994,47.8,47432,32506,215954,1077,95.4
692,"Sunrise, Florida",94323,38.1,61887,26154,200500,1674,114.3
693,"Tallahassee, Florida",191049,27.0,45153,28066,202400,1014,89.7
694,"Tamarac, Florida",65669,48.9,41737,27114,170300,1316,114.0
695,"Tampa, Florida",385430,36.6,50489,34278,233800,1082,95.8
696,"Titusville, Florida",46263,45.9,46654,26829,162610,868,88.0
697,"Wellington, Florida",64848,41.8,93655,39580,400980,1734,102.0
698,"Weston, Florida",70944,42.4,97908,49843,504800,1962,117.3
699,"Albany, Georgia",73179,35.6,33434,19687,97400,671,87.8
700,"Alpharetta, Georgia",65799,38.6,108188,57373,416500,1457,97.7
701,"Atlanta, Georgia",486290,33.3,57597,44690,299400,1104,99.1
702,"Columbus, Georgia",185888,32.6,42174,25335,139167,500,87.7
703,"Dalton, Georgia",33748,31.5,36575,21311,145075,694,87.9
704,"Douglasville, Georgia",33675,34.3,52554,25068,176728,980,95.1
705,"Dunwoody, Georgia",49609,37.2,96545,52712,452275,1443,98.9
706,"Gainesville, Georgia",40359,31.9,45963,25663,196055,868,94.6
707,"Hinesville, Georgia",33140,28.6,46458,22877,132468,998,89.0
708,"Marietta, Georgia",61048,33.7,53546,31797,280112,1039,97.4
709,"Milton, Georgia",38924,38.3,65037,44623,306200,1391,97.8
710,"Newnan, Georgia",38909,34.9,57800,31656,207746,1046,95.8
711,"Rome, Georgia",36375,34.5,37535,24150,150995,723,88.7
712,"Roswell, Georgia",94786,38.5,82743,45928,367900,1271,97.6
713,"Savannah, Georgia",144464,32.3,29038,24298,148800,564,83.2
714,"Smyrna, Georgia",56685,35.5,74123,43751,287751,1134,96.9
715,"Valdosta, Georgia",56085,27.9,32690,20424,119399,753,88.6
716,"Caldwell, Idaho",54660,29.3,44106,17893,149474,804,90.7
717,"Lewiston, Idaho",32820,41.5,51885,27567,199252,709,89.3
718,"Meridian, Idaho",99926,35.8,64273,30562,271800,976,92.8
719,"Nampa, Idaho",93590,33.3,42302,18758,171100,915,92.1
720,"Pocatello, Idaho",55193,30.9,46808,23867,146003,659,87.2
721,"Addison, Illinois",36820,35.8,62163,27407,243610,1003,102.8
722,"Algonquin, Illinois",31017,39.5,108464,42432,267777,1489,102.5
723,"Aurora, Illinois",200965,35.6,70367,30717,177700,1223,101.4
724,"Bartlett, Illinois",41149,39.6,103286,39594,288104,1508,103.0
725,"Belleville, Illinois",41649,38.0,42877,25320,100620,782,87.8
726,"Berwyn, Illinois",55550,34.9,61792,24493,195772,972,102.2
727,"Bloomington, Illinois",77934,35.1,67471,37661,165800,829,86.3
728,"Bolingbrook, Illinois",75201,35.7,92769,35957,227300,1474,102.2
729,"Carpentersville, Illinois",38162,31.1,62118,23332,168291,1018,100.9
730,"Champaign, Illinois",87432,26.6,43785,29121,173400,870,87.1
731,"Chicago, Illinois",2716450,34.6,55295,34269,255900,1067,106.5
732,"Cicero, Illinois",82552,32.7,51186,17369,158300,885,101.7
733,"Danville, Illinois",31424,36.5,34315,19616,66405,704,81.7
734,"Decatur, Illinois",72174,38.9,43225,24900,80100,662,82.8
735,"DeKalb, Illinois",43193,25.1,42133,22144,152494,815,100.6
736,"Elgin, Illinois",112456,35.9,67646,27204,189000,976,100.8
737,"Elmhurst, Illinois",46662,39.6,110491,53899,420219,1520,105.4
738,"Evanston, Illinois",74756,37.7,77821,45191,374300,1393,106.8
739,"Galesburg, Illinois",30769,40.0,37073,21602,79881,618,75.6
740,"Glenview, Illinois",47659,46.2,107229,62132,531676,1795,107.9
741,"Gurnee, Illinois",30767,39.0,94145,42783,265316,1229,98.9
742,"Joliet, Illinois",148462,33.7,65725,26829,179700,988,100.6
743,"Lombard, Illinois",43745,39.3,77545,38013,260866,1339,103.9
744,"Moline, Illinois",42231,39.4,52462,30878,118315,740,85.2
745,"Mundelein, Illinois",31385,36.9,89766,37278,242127,1328,100.1
746,"Naperville, Illinois",147682,38.7,126217,50526,410000,1454,103.2
747,"Normal, Illinois",54284,24.9,59593,27454,168833,825,86.4
748,"Northbrook, Illinois",33400,50.1,123550,66053,563687,2110,108.8
749,"Oswego, Illinois",34833,35.8,102756,38971,260591,1331,101.5
750,"Palatine, Illinois",68644,35.8,71794,41631,285300,1233,103.9
751,"Pekin, Illinois",32731,38.7,51276,27673,106655,677,82.9
752,"Peoria, Illinois",112883,36.5,48146,29721,131100,738,83.3
753,"Plainfield, Illinois",43926,35.2,123877,41278,315864,1854,103.7
754,"Quincy, Illinois",40303,40.0,43053,28024,117748,669,77.1
755,"Rockford, Illinois",147051,37.2,44765,25161,88800,742,83.9
756,"Romeoville, Illinois",39632,33.3,74311,25668,181665,1488,102.6
757,"Schaumburg, Illinois",74184,39.9,80227,42646,285700,1394,104.0
758,"Skokie, Illinois",63978,43.4,65792,33963,327600,1184,105.8
759,"Springfield, Illinois",114868,39.4,51313,32079,124400,749,84.3
760,"Streamwood, Illinois",39978,38.3,82821,31160,189674,1659,103.6
761,"Urbana, Illinois",41989,24.5,34753,23409,160347,767,87.5
762,"Waukegan, Illinois",87729,32.0,48029,21154,138800,920,97.2
763,"Wheaton, Illinois",53373,38.2,100966,48455,361208,1377,103.8
764,"Wheeling, Illinois",38562,37.8,64559,32185,197949,1238,103.0
765,"Woodridge, Illinois",33598,37.8,85614,41415,274714,1214,102.7
766,"Anderson, Indiana",55076,38.8,36038,22123,77115,700,84.2
767,"Bloomington, Indiana",85071,24.3,38897,22786,196900,837,87.8
768,"Carmel, Indiana",92198,39.5,109858,58544,345900,1150,89.0
769,"Columbus, Indiana",47143,35.3,58106,32060,155529,880,87.8
770,"Elkhart, Indiana",52558,32.9,46214,23568,111688,762,86.4
771,"Evansville, Indiana",118930,37.2,36690,23368,92700,712,81.7
772,"Fishers, Indiana",91832,35.3,113560,49929,274000,1226,88.8
773,"Gary, Indiana",76008,39.5,26669,17698,66900,733,94.4
774,"Goshen, Indiana",33220,35.8,52206,24897,130052,783,86.4
775,"Greenwood, Indiana",57375,35.5,61640,33617,154003,885,87.6
776,"Hammond, Indiana",76618,32.8,45999,20604,89200,823,94.6
777,"Indianapolis, Indiana",863002,34.2,47225,27304,137600,870,87.7
778,"Jeffersonville, Indiana",47383,37.8,48304,27070,130786,795,85.9
779,"Kokomo, Indiana",57836,40.2,41143,23360,82423,682,84.6
780,"Lafayette, Indiana",72390,33.2,45315,25650,105300,798,87.6
781,"Lawrence, Indiana",48704,35.0,56031,28126,145457,848,87.1
782,"Merrillville, Indiana",34871,38.4,65123,30778,154843,967,96.8
783,"Mishawaka, Indiana",49177,36.5,43812,25214,109336,762,84.6
784,"Muncie, Indiana",68625,28.0,30555,19353,72100,692,84.7
785,"Noblesville, Indiana",61882,34.1,80991,41418,229034,984,87.9
786,"Portage, Indiana",36672,39.0,58813,27348,154309,922,96.7
787,"Richmond, Indiana",35455,39.2,38984,25574,93433,689,76.6
788,"Valparaiso, Indiana",33376,33.3,56707,30555,186714,875,96.0
789,"Westfield, Indiana",39493,34.6,69799,31854,210952,1215,89.1
790,"Ames, Iowa",66498,23.8,51860,28136,216000,916,91.5
791,"Ankeny, Iowa",62416,32.5,78940,36818,223122,962,90.3
792,"Bettendorf, Iowa",35813,42.1,73806,41990,200959,942,86.6
793,"Davenport, Iowa",102320,38.0,50081,26079,130900,766,85.8
794,"Dubuque, Iowa",58276,37.1,57151,32890,157570,774,84.9
795,"Marion, Iowa",39400,37.7,66409,32371,158573,660,86.4
796,"Urbandale, Iowa",43592,39.4,85498,42497,236661,903,90.0
797,"Waterloo, Iowa",67587,37.1,42346,25551,125200,715,85.0
798,"Hutchinson, Kansas",40772,39.2,45340,26409,117505,718,76.7
799,"Lawrence, Kansas",96892,27.9,48827,29041,203800,872,86.3
800,"Leavenworth, Kansas",36210,35.3,59964,27837,130054,892,86.1
801,"Leawood, Kansas",34659,45.9,138187,69997,469035,1318,88.8
802,"Lenexa, Kansas",53553,37.3,83576,43036,267165,1068,87.4
803,"Manhattan, Kansas",54832,24.5,47600,27974,211272,890,81.2
804,"Olathe, Kansas",137472,35.2,87052,35898,239100,949,86.7
805,"Salina, Kansas",46994,37.4,50091,27334,150972,757,77.8
806,"Shawnee, Kansas",65513,38.7,89190,41164,240000,933,86.6
807,"Topeka, Kansas",126587,36.6,48847,26762,97300,775,81.2
808,"Wichita, Kansas",390591,35.9,50504,26900,135100,786,81.9
809,"Covington, Kentucky",40455,36.0,38294,23618,107197,646,87.4
810,"Hopkinsville, Kentucky",32634,34.5,39352,23685,123676,655,87.9
811,"Lexington-Fayette, Kentucky",321959,34.3,56137,32927,193100,854,89.3
812,"Owensboro, Kentucky",59404,37.6,41089,26233,119286,782,85.5
813,"Richmond, Kentucky",35397,26.0,37896,21293,153037,646,81.4
814,"Alexandria, Louisiana",47334,39.0,36122,23522,146557,807,84.0
815,"Houma, Louisiana",33278,36.8,38835,22903,160879,739,85.0
816,"Kenner, Louisiana",67451,36.9,57009,28640,179600,926,95.4
817,"Lafayette, Louisiana",126848,35.6,41964,28800,193000,856,85.6
818,"Monroe, Louisiana",48371,32.4,29072,22250,162415,698,85.5
819,"Shreveport, Louisiana",192036,35.4,32983,23979,155300,760,85.6
820,"Bangor, Maine",31903,37.4,42132,28208,148358,845,97.4
821,"Lewiston, Maine",36221,40.6,38882,23884,141988,661,93.8
822,"Portland, Maine",66882,35.6,56326,33553,291200,1067,103.8
823,"Annapolis, Maryland",39321,38.2,77399,42612,372168,1498,135.4
824,"Baltimore, Maryland",611648,35.3,47131,29242,154400,1035,129.3
825,"Bowie, Maryland",58859,41.7,112883,47247,329107,1870,165.1
826,"Frederick, Maryland",71408,38.5,73457,37432,275900,1352,175.3
827,"Gaithersburg, Maryland",68710,35.6,82077,38983,427700,1581,186.5
828,"Hagerstown, Maryland",40306,33.9,45784,24946,171998,811,136.4
829,"Rockville, Maryland",68401,39.1,100388,47874,484000,1875,189.9
830,"Salisbury, Maryland",32807,28.0,40442,21927,149490,951,91.8
831,"Attleboro, Massachusetts",44590,40.4,79245,38648,302005,1037,132.3
832,"Beverly, Massachusetts",41816,40.1,79004,42755,431579,1170,137.4
833,"Boston, Massachusetts",685094,32.3,66758,42236,540600,1541,147.7
834,"Brockton, Massachusetts",95672,36.1,58357,26252,264200,1125,135.6
835,"Cambridge, Massachusetts",113630,30.5,97316,56199,773200,2102,151.2
836,"Chelsea, Massachusetts",40227,33.3,50933,25923,402933,1353,145.3
837,"Chicopee, Massachusetts",55515,40.3,46457,28302,187314,883,122.2
838,"Everett, Massachusetts",46324,34.8,65888,31829,374353,1438,139.8
839,"Fitchburg, Massachusetts",40793,35.1,54417,27164,212501,943,128.2
840,"Haverhill, Massachusetts",63639,38.7,72929,34771,300007,1141,134.8
841,"Holyoke, Massachusetts",40341,34.7,39644,24154,188049,739,122.5
842,"Lawrence, Massachusetts",80162,31.4,41499,20319,282300,1128,139.7
843,"Leominster, Massachusetts",41615,41.4,66018,34268,267104,907,128.3
844,"Lowell, Massachusetts",111346,35.8,50391,24844,270100,1103,136.8
845,"Lynn, Massachusetts",94063,36.4,48900,25163,336100,1071,139.8
846,"Malden, Massachusetts",61246,35.9,73978,35291,387544,1467,139.4
847,"Marlborough, Massachusetts",39873,39.5,92167,46068,380006,1379,135.6
848,"Medford, Massachusetts",57797,35.8,85033,39627,480504,1656,141.2
849,"Newton, Massachusetts",88994,40.4,144403,69317,930400,1754,142.8
850,"Peabody, Massachusetts",52987,45.4,80241,37081,403539,1261,138.0
851,"Pittsfield, Massachusetts",42591,43.7,52098,32731,175668,840,106.4
852,"Quincy, Massachusetts",94166,39.4,77765,40890,426200,1407,141.2
853,"Revere, Massachusetts",53993,39.6,62595,34908,425647,1392,142.3
854,"Salem, Massachusetts",43415,36.5,64441,35633,369225,1163,139.1
855,"Somerville, Massachusetts",81360,31.2,89478,49400,666500,1671,147.2
856,"Springfield, Massachusetts",154758,34.0,36234,20728,152200,835,120.8
857,"Taunton, Massachusetts",57139,41.4,66962,33939,289900,973,132.7
858,"Waltham, Massachusetts",62442,33.6,87518,42284,515887,1582,141.1
859,"Westfield, Massachusetts",41700,38.1,58917,31268,236713,954,122.0
860,"Woburn, Massachusetts",39701,39.8,88956,42033,455380,1536,138.4
861,"Worcester, Massachusetts",185677,34.2,41561,25354,221600,1019,130.5
862,"Dearborn, Michigan",94491,30.8,46662,21697,144900,942,90.1
863,"Detroit, Michigan",673104,34.6,30344,17667,50200,782,87.4
864,"Eastpointe, Michigan",32511,36.6,53611,26210,120709,1074,89.8
865,"Flint, Michigan",96448,37.4,26901,16554,27400,683,78.6
866,"Holland, Michigan",33366,30.0,55376,26885,155003,848,84.6
867,"Jackson, Michigan",32704,31.8,36431,21282,87806,655,82.1
868,"Kalamazoo, Michigan",75807,26.8,42271,26434,100500,776,81.8
869,"Kentwood, Michigan",51747,34.4,60902,31700,177640,910,85.6
870,"Lansing, Michigan",116986,33.3,39957,22795,85700,787,83.8
871,"Livonia, Michigan",94105,45.1,82410,36537,190000,1026,89.7
872,"Midland, Michigan",41950,39.5,65361,41689,160728,727,78.1
873,"Muskegon, Michigan",38131,35.2,36174,20066,85521,658,81.1
874,"Novi, Michigan",59715,39.1,90004,48213,301033,1233,91.3
875,"Pontiac, Michigan",59792,32.9,39055,21221,102963,813,88.9
876,"Portage, Michigan",48816,38.2,65875,38624,178840,770,82.1
877,"Roseville, Michigan",47501,38.0,47769,25142,119845,940,88.7
878,"Saginaw, Michigan",48677,36.5,31074,18667,57740,667,81.9
879,"Southfield, Michigan",73208,42.9,58813,34836,157400,1060,89.8
880,"Southgate, Michigan",29084,43.7,51944,30243,129146,837,89.2
881,"Taylor, Michigan",61276,37.8,47535,25579,108335,850,88.7
882,"Troy, Michigan",83813,40.7,95825,45823,297600,1194,90.9
883,"Warren, Michigan",135022,39.6,46347,24338,124700,910,89.5
884,"Westland, Michigan",81747,41.7,47943,27664,121000,855,89.1
885,"Wyoming, Michigan",75938,36.4,56774,24146,127500,852,84.8
886,"Andover, Minnesota",32902,39.0,104511,39676,284969,1554,113.7
887,"Blaine, Minnesota",64557,37.7,81177,34339,209583,1116,111.9
888,"Bloomington, Minnesota",85866,45.6,69642,39982,243500,1160,113.4
889,"Burnsville, Minnesota",61439,36.5,75739,40310,267970,1187,113.2
890,"Duluth, Minnesota",86066,34.0,49078,28570,165200,788,97.4
891,"Eagan, Minnesota",66627,37.2,86611,45543,288500,1113,112.7
892,"Edina, Minnesota",51958,45.3,95231,67796,433683,1427,115.9
893,"Lakeville, Minnesota",63748,35.8,94605,39416,296272,1391,113.4
894,"Mankato, Minnesota",42264,25.5,49457,28232,178596,895,80.1
895,"Maplewood, Minnesota",40918,39.6,69922,34857,236934,1136,113.3
896,"Minneapolis, Minnesota",422331,32.4,60789,38131,250400,989,114.4
897,"Minnetonka, Minnesota",53085,45.4,100943,61990,355558,1355,114.3
898,"Moorhead, Minnesota",43122,29.5,50489,26730,159512,806,98.3
899,"Plymouth, Minnesota",78395,40.0,97770,52208,361900,1371,114.0
900,"Richfield, Minnesota",36151,36.3,65660,37904,248014,1001,113.6
901,"Rochester, Minnesota",115733,35.9,75464,38345,211900,982,104.1
902,"Roseville, Minnesota",36314,40.3,69191,39671,263093,1028,113.4
903,"Shakopee, Minnesota",40893,33.5,87480,38362,257484,1225,112.7
904,"Woodbury, Minnesota",69756,37.9,101069,45417,328000,1457,113.9
905,"Biloxi, Mississippi",45908,34.7,45347,23488,165988,827,87.3
906,"Greenville, Mississippi",30686,36.5,36024,20407,100507,662,79.5
907,"Gulfport, Mississippi",71822,33.8,35758,21703,124600,823,86.9
908,"Hattiesburg, Mississippi",46377,28.7,37734,20252,132314,736,80.9
909,"Jackson, Mississippi",166965,33.0,39004,21648,93400,819,83.6
910,"Meridian, Mississippi",37940,35.8,38305,27846,92310,640,78.3
911,"Southaven, Mississippi",54031,35.8,64352,29523,153287,976,85.8
912,"Tupelo, Mississippi",38114,36.3,59341,31686,152538,762,80.1
913,"Ballwin, Missouri",30181,42.2,85202,42251,267764,1121,89.2
914,"Chesterfield, Missouri",47588,46.5,107437,61957,398897,1166,89.9
915,"Columbia, Missouri",121717,28.0,47043,27360,187100,871,86.5
916,"Florissant, Missouri",52303,37.3,57002,29516,128898,946,88.7
917,"Independence, Missouri",117306,37.8,49855,25668,112700,837,85.9
918,"Joplin, Missouri",52288,36.4,46805,24904,114069,734,82.2
919,"Springfield, Missouri",167376,32.7,36421,22938,121100,735,82.7
920,"Wildwood, Missouri",35501,43.8,120519,55083,415739,1165,89.3
921,"Billings, Montana",109642,38.8,57527,34615,226100,840,89.7
922,"Bozeman, Montana",46596,28.1,51373,28477,330324,1008,94.9
923,"Missoula, Montana",73340,31.9,44241,28427,279800,772,93.7
924,"Bellevue, Nebraska",53424,34.6,66048,29611,158451,935,89.5
925,"Kearney, Nebraska",33835,31.4,54488,28829,181402,773,78.6
926,"Lincoln, Nebraska",284736,32.9,56160,30012,171300,818,84.3
927,"Omaha, Nebraska",466893,34.5,56406,31655,157100,892,89.3
928,"Henderson, Nevada",302539,43.1,69667,39234,311200,1228,98.3
929,"Reno, Nevada",248853,34.8,57125,32248,328700,946,98.1
930,"Sparks, Nevada",100888,40.3,58961,31254,305800,1028,97.2
931,"Akron, Ohio",197846,36.4,36816,23232,81600,731,95.7
932,"Beavercreek, Ohio",46948,41.7,96045,44174,201323,1104,95.5
933,"Brunswick, Ohio",34604,39.7,71970,30613,185235,822,94.8
934,"Canton, Ohio",70909,36.2,30046,20198,74200,676,89.4
935,"Cincinnati, Ohio",301301,32.7,38938,29465,143100,697,88.7
936,"Cleveland, Ohio",385525,36.2,28974,19401,70200,704,94.7
937,"Columbus, Ohio",879170,32.2,51708,27544,151400,917,95.2
938,"Dayton, Ohio",140371,33.4,30643,18964,63900,679,93.3
939,"Delaware, Ohio",37372,34.5,73183,30211,198643,845,95.3
940,"Dublin, Ohio",47619,39.8,126346,57061,367211,1350,97.3
941,"Elyria, Ohio",53883,38.7,46534,26208,117101,677,93.4
942,"Euclid, Ohio",47201,40.3,41986,27901,108255,782,95.2
943,"Fairborn, Ohio",33541,33.6,51496,27209,126037,775,94.4
944,"Fairfield, Ohio",42566,37.9,67273,33162,170052,830,88.1
945,"Findlay, Ohio",41321,37.0,47878,31946,131446,739,78.6
946,"Gahanna, Ohio",35297,39.2,91515,40296,221025,1049,95.4
947,"Hamilton, Ohio",62092,37.0,47284,23624,119234,737,87.9
948,"Kettering, Ohio",55175,40.7,53576,35302,137542,760,94.4
949,"Lakewood, Ohio",50249,34.4,48407,33975,140671,762,95.5
950,"Lancaster, Ohio",40280,39.7,46763,24505,132774,766,94.8
951,"Lima, Ohio",37149,34.2,37656,19981,82457,605,89.5
952,"Lorain, Ohio",63841,40.0,32379,19997,85800,675,93.2
953,"Mansfield, Ohio",46160,38.4,37144,23444,88014,552,89.8
954,"Marion, Ohio",36620,39.5,38307,20411,84426,654,77.5
955,"Mason, Ohio",33235,42.1,95767,46500,227134,1160,89.1
956,"Massillon, Ohio",32342,40.4,41907,23674,106950,704,89.8
957,"Mentor, Ohio",47121,47.5,69970,34271,181217,916,94.7
958,"Middletown, Ohio",48823,37.6,48420,26703,126272,733,88.0
959,"Newark, Ohio",49423,37.2,49582,26666,129919,759,94.1
960,"Parma, Ohio",79167,44.7,54588,28829,116400,819,95.0
961,"Reynoldsburg, Ohio",37847,36.1,70833,32454,182619,1011,95.4
962,"Springfield, Ohio",59208,36.3,37241,22307,94964,659,92.1
963,"Stow, Ohio",34769,40.3,75359,35774,187480,962,96.7
964,"Strongsville, Ohio",44744,45.6,82011,42172,203710,967,95.7
965,"Toledo, Ohio",276491,35.4,37339,21589,78400,675,91.7
966,"Warren, Ohio",39562,39.7,36368,22821,79525,607,89.3
967,"Westerville, Ohio",39737,41.6,95817,40797,242581,988,95.2
968,"Westlake, Ohio",32297,46.8,77595,52700,219500,1136,96.8
969,"Youngstown, Ohio",64604,38.7,28843,17941,41400,594,88.3
970,"Bartlesville, Oklahoma",36389,38.7,53688,31796,129079,694,79.8
971,"Edmond, Oklahoma",91950,35.6,69570,40780,232900,972,86.1
972,"Enid, Oklahoma",50122,35.2,48293,26209,119337,805,81.1
973,"Lawton, Oklahoma",93714,31.2,47591,23924,120500,778,83.9
974,"Moore, Oklahoma",61523,34.2,63499,26134,131565,991,85.3
975,"Muskogee, Oklahoma",37858,35.4,33761,20772,101753,641,79.9
976,"Norman, Oklahoma",122843,30.2,54065,30168,174900,879,85.7
977,"Stillwater, Oklahoma",49829,23.2,32673,20433,195927,783,86.3
978,"Tulsa, Oklahoma",401800,35.5,45894,28743,139700,811,86.5
979,"Albany, Oregon",53503,37.2,56496,28046,224866,933,88.4
980,"Beaverton, Oregon",97514,36.4,71979,37345,389500,1327,104.0
981,"Bend, Oregon",94520,40.4,66455,34114,400700,1222,101.2
982,"Corvallis, Oregon",57961,26.3,51006,30398,354262,1063,100.7
983,"Eugene, Oregon",168916,35.2,50592,31182,279000,937,97.3
984,"Gresham, Oregon",111053,37.2,51130,24596,296300,1112,103.7
985,"Hillsboro, Oregon",106894,33.5,83992,35343,350000,1445,103.1
986,"Keizer, Oregon",39315,38.2,63572,29649,249334,1015,95.2
987,"McMinnville, Oregon",34347,35.3,55219,28287,267135,825,100.7
988,"Medford, Oregon",81780,37.7,48825,25417,270400,948,98.7
989,"Portland, Oregon",647805,36.8,66187,37876,427500,1216,106.6
990,"Salem, Oregon",169798,37.1,56186,25750,234900,947,94.8
991,"Springfield, Oregon",62353,35.8,44273,22600,194169,868,96.4
992,"Tigard, Oregon",53148,38.2,76668,38324,410036,1267,103.6
993,"Allentown, Pennsylvania",121283,31.3,39687,19928,123700,933,99.5
994,"Altoona, Pennsylvania",44098,38.5,39506,23544,104992,633,91.7
995,"Bethlehem, Pennsylvania",75707,32.6,53504,28729,169700,970,100.0
996,"Chester, Pennsylvania",34077,30.4,37896,20598,83497,844,100.1
997,"Erie, Pennsylvania",97369,35.0,37721,21602,88000,682,91.6
998,"Harrisburg, Pennsylvania",49192,31.9,39966,22467,100079,851,95.9
999,"Lancaster, Pennsylvania",59708,31.2,41480,20378,124108,844,95.5
1000,"Norristown, Pennsylvania",34510,32.4,51258,27667,170574,1074,102.9
1001,"Philadelphia, Pennsylvania",1580863,34.4,39759,26039,166200,969,103.7
1002,"Pittsburgh, Pennsylvania",302407,33.3,45851,32602,123600,925,95.3
1003,"Reading, Pennsylvania",88423,29.6,31160,15082,70000,758,94.6
1004,"Scranton, Pennsylvania",77605,36.8,35904,21520,108100,751,94.7
1005,"Wilkes-Barre, Pennsylvania",40806,34.0,40601,23072,98603,706,94.0
1006,"York, Pennsylvania",44132,30.8,37149,19853,93940,833,94.2
1007,"Bartlett, Tennessee",59102,42.1,84305,34803,188679,1338,87.1
1008,"Brentwood, Tennessee",42667,40.8,154768,67397,677332,2127,94.8
1009,"Chattanooga, Tennessee",179139,38.2,41859,29883,163000,818,88.7
1010,"Clarksville, Tennessee",153205,29.8,55021,26049,153800,981,87.4
1011,"Cleveland, Tennessee",44483,33.9,43789,24425,176170,717,83.9
1012,"Collierville, Tennessee",50286,40.2,116857,48514,313954,1230,87.0
1013,"Columbia, Tennessee",38266,36.4,45816,22867,152331,893,82.8
1014,"Cookeville, Tennessee",33452,29.3,33973,22202,168588,675,82.2
1015,"Franklin, Tennessee",78321,38.8,96199,47131,412900,1422,91.3
1016,"Gallatin, Tennessee",37351,37.8,56790,31236,211245,845,88.1
1017,"Germantown, Tennessee",39141,45.8,116277,60957,331585,1322,87.6
1018,"Hendersonville, Tennessee",57517,40.0,69589,37077,279989,1149,89.7
1019,"Jackson, Tennessee",66847,35.8,41956,23182,138400,860,85.9
1020,"Kingsport, Tennessee",53374,44.7,41597,31112,149047,646,81.2
1021,"Knoxville, Tennessee",187347,31.9,38714,27096,133900,834,86.1
1022,"Memphis, Tennessee",652236,33.6,39333,24143,98700,863,85.1
1023,"Murfreesboro, Tennessee",136372,29.1,64953,29067,243800,970,88.4
1024,"Nashville-Davidson, Tennessee",667560,34.3,57737,33028,246800,1079,90.1
1025,"Smyrna, Tennessee",49969,35.6,64273,27540,199938,913,87.8
1026,"Abilene, Texas",121885,31.1,49365,24206,114900,822,82.0
1027,"Allen, Texas",100685,38.4,106475,45943,322400,1618,96.0
1028,"Amarillo, Texas",199826,34.3,51263,27134,131400,828,83.4
1029,"Arlington, Texas",396394,33.1,57083,25807,167800,990,94.5
1030,"Austin, Texas",950715,33.4,67755,40323,332700,1244,95.6
1031,"Baytown, Texas",76804,30.8,56042,24014,126600,869,91.5
1032,"Beaumont, Texas",119114,33.2,48043,25632,105000,842,81.7
1033,"Bedford, Texas",49486,41.6,76684,40800,244624,1033,95.3
1034,"Brownsville, Texas",183299,30.3,36176,15407,93300,690,79.2
1035,"Bryan, Texas",84021,31.6,43283,22171,129600,880,87.6
1036,"Burleson, Texas",46145,33.2,70619,29263,165968,1191,94.6
1037,"Carrollton, Texas",135710,37.4,77998,34399,240700,1179,94.9
1038,"Conroe, Texas",84378,31.7,60931,28172,196800,1011,93.1
1039,"Coppell, Texas",41941,40.4,126903,54587,396256,1365,95.6
1040,"Dallas, Texas",1341075,32.4,50627,32114,190600,992,95.1
1041,"Denton, Texas",136268,29.9,51004,27358,223900,1005,95.0
1042,"DeSoto, Texas",53568,39.8,75537,34814,209884,1098,93.8
1043,"Duncanville, Texas",39487,36.9,67623,31114,170760,1095,93.9
1044,"Edinburg, Texas",90280,28.0,55392,19292,115200,760,81.4
1045,"Euless, Texas",55174,35.3,69846,32905,197969,1111,95.1
1046,"Friendswood, Texas",39839,40.0,115306,46783,312246,1113,93.0
1047,"Frisco, Texas",177286,36.6,122302,48987,404100,1449,95.6
1048,"Galveston, Texas",50497,37.5,48019,29878,181199,928,94.1
1049,"Garland, Texas",238002,35.3,57483,25510,161700,1002,94.0
1050,"Georgetown, Texas",70685,45.8,71829,36022,280300,1262,94.0
1051,"Grapevine, Texas",53982,38.2,100975,43684,323013,1243,96.0
1052,"Harlingen, Texas",65467,31.2,38230,19019,95100,669,79.4
1053,"Houston, Texas",2312717,33.1,50896,31175,173600,986,93.5
1054,"Huntsville, Texas",41277,29.4,35221,16627,180657,842,84.4
1055,"Hurst, Texas",39051,38.9,70954,32189,205535,949,94.6
1056,"Irving, Texas",240373,32.1,62837,30103,187700,1103,94.6
1057,"Keller, Texas",47266,41.2,121474,44289,363994,1338,95.6
1058,"Killeen, Texas",145482,28.7,45404,20877,128300,889,84.9
1059,"Lancaster, Texas",39386,33.3,57306,25423,145898,1056,93.5
1060,"Laredo, Texas",260654,28.8,44494,16880,136400,809,83.2
1061,"Lewisville, Texas",106021,32.7,65578,30984,222200,1222,95.3
1062,"Longview, Texas",81522,34.4,46081,24415,145100,815,83.3
1063,"Lubbock, Texas",253888,30.0,45764,25965,138000,900,84.4
1064,"Lufkin, Texas",35837,35.4,44231,23941,128357,818,80.1
1065,"McAllen, Texas",142696,35.9,44108,21538,131000,746,81.8
1066,"McKinney, Texas",181330,35.9,93546,40938,317200,1377,95.4
1067,"Mansfield, Texas",68928,36.9,88736,36216,247600,1361,95.5
1068,"Mesquite, Texas",143949,32.5,54775,21105,142000,1052,93.7
1069,"Midland, Texas",136089,32.5,75886,38218,204100,1101,84.9
1070,"Mission, Texas",84424,31.7,45285,23568,104400,670,81.2
1071,"Nacogdoches, Texas",33614,25.0,38171,23168,158895,775,81.3
1072,"Odessa, Texas",116861,30.2,58919,25751,157800,948,82.8
1073,"Pasadena, Texas",153520,30.7,50210,21578,122900,864,92.0
1074,"Pearland, Texas",119940,34.7,105806,41282,251400,1353,89.6
1075,"Pflugerville, Texas",63359,38.1,112199,41896,332987,1365,93.7
1076,"Pharr, Texas",79487,29.7,41286,16008,83100,721,81.3
1077,"Plano, Texas",286143,38.9,94306,46412,329500,1371,95.8
1078,"Richardson, Texas",116783,36.5,72635,35414,269900,1297,96.0
1079,"Rockwall, Texas",44208,37.6,95208,40697,289492,1306,95.1
1080,"Rosenberg, Texas",37661,31.8,50538,21950,151300,920,92.7
1081,"Rowlett, Texas",62868,38.6,92881,35484,225110,1572,95.4
1082,"Schertz, Texas",40092,36.5,83440,34025,243034,1285,88.7
1083,"Sherman, Texas",41917,33.0,52192,27581,138883,889,85.1
1084,"Socorro, Texas",34048,31.0,34511,11525,88763,674,81.3
1085,"Temple, Texas",74503,32.2,52416,25853,139000,900,84.9
1086,"Texarkana, Texas",37333,36.0,45556,26447,137786,646,79.5
1087,"Tyler, Texas",104991,34.8,51956,25432,153400,888,85.1
1088,"Victoria, Texas",67106,34.0,49525,25912,144200,898,84.7
1089,"Waco, Texas",136436,28.8,39063,21922,117100,836,84.6
1090,"Weslaco, Texas",40358,33.8,39658,18670,84790,664,81.1
1091,"Wylie, Texas",49826,34.1,78258,29814,202294,1419,94.8
1092,"Bountiful, Utah",44107,35.1,83689,36494,320851,991,87.3
1093,"Clearfield, Utah",31363,29.1,58210,21233,205035,1010,87.2
1094,"Draper, Utah",47710,32.5,106884,35338,474858,1413,92.7
1095,"Layton, Utah",76691,31.8,76371,28653,252300,976,86.6
1096,"Lehi, Utah",62712,25.1,81471,25142,287815,1442,88.1
1097,"Logan, Utah",51115,23.9,40925,19682,194152,756,89.2
1098,"Murray, Utah",49295,36.3,67328,32770,297179,1095,91.9
1099,"Ogden, Utah",87031,32.0,44965,22748,182600,794,87.1
1100,"Orem, Utah",97839,25.0,61729,22859,266600,1006,87.2
1101,"Provo, Utah",117335,24.0,43126,20034,256900,830,87.8
1102,"Riverton, Utah",43344,31.7,94530,27409,340616,1365,91.9
1103,"Roy, Utah",38595,30.9,70918,25584,218116,1012,86.9
1104,"Sandy, Utah",96145,36.4,88481,36689,347300,1168,91.4
1105,"Taylorsville, Utah",59992,33.4,69791,27672,264356,1025,91.0
1106,"Tooele, Utah",34628,31.7,69364,25943,213368,964,89.8
1107,"Burlington, Vermont",42239,26.6,44704,30267,274644,1179,105.9
1108,"Alexandria, Virginia",160035,37.0,100530,57344,573200,1693,174.6
1109,"Blacksburg, Virginia",44563,22.0,39317,22344,320716,1076,90.4
1110,"Charlottesville, Virginia",48019,30.6,47520,26507,271099,1069,94.7
1111,"Chesapeake, Virginia",240397,36.7,76629,33906,270200,1218,96.6
1112,"Danville, Virginia",41130,41.9,41226,26785,160634,625,83.3
1113,"Hampton, Virginia",134669,36.6,54062,30211,184100,1072,96.1
1114,"Harrisonburg, Virginia",54215,23.5,43726,23085,256287,850,88.9
1115,"Leesburg, Virginia",54215,35.5,115988,47080,449193,1574,164.9
1116,"Lynchburg, Virginia",80995,27.8,45239,21654,160400,837,84.5
1117,"Manassas, Virginia",41501,34.3,92358,37749,380593,1443,165.5
1118,"Norfolk, Virginia",244703,30.5,49445,28592,204400,989,96.7
1119,"Petersburg, Virginia",31750,39.2,44216,24970,156722,890,92.4
1120,"Portsmouth, Virginia",94572,36.0,50242,24258,175200,976,96.0
1121,"Richmond, Virginia",227032,34.0,46261,29782,233200,946,94.1
1122,"Roanoke, Virginia",99837,40.0,43799,26705,136300,790,85.9
1123,"Suffolk, Virginia",90237,37.3,70277,32610,252000,1051,96.0
1124,"Auburn, Washington",80776,35.3,69243,31131,323100,1233,114.9
1125,"Bellevue, Washington",144444,39.1,121168,68141,806800,1846,122.6
1126,"Bellingham, Washington",89045,34.5,53369,29729,372600,1061,102.2
1127,"Bothell, Washington",45533,37.0,96012,45526,522712,1764,119.0
1128,"Bremerton, Washington",41041,31.3,52103,28702,228164,955,110.8
1129,"Burien, Washington",51671,37.4,65168,32328,402319,1139,117.6
1130,"Edmonds, Washington",42209,47.0,87546,50506,534947,1383,118.5
1131,"Everett, Washington",110079,35.2,61248,29992,325900,1220,116.2
1132,"Issaquah, Washington",37487,37.1,108210,55360,634145,1968,120.9
1133,"Kennewick, Washington",81607,33.8,51061,25617,200500,838,93.7
1134,"Kent, Washington",128458,34.8,67497,28735,343700,1369,116.2
1135,"Kirkland, Washington",88630,36.8,106722,62723,682300,1768,121.0
1136,"Lacey, Washington",49748,35.6,70156,33179,269757,1301,110.7
1137,"Lakewood, Washington",60296,36.1,51661,28180,272973,993,113.3
1138,"Longview, Washington",37602,39.0,38419,22713,185390,804,94.6
1139,"Lynnwood, Washington",38273,39.3,62303,30083,399342,1103,117.9
1140,"Marysville, Washington",68864,39.0,80981,34697,337000,1314,114.9
1141,"Olympia, Washington",51609,38.8,60287,35255,294381,1093,111.3
1142,"Pasco, Washington",73013,30.3,59200,24171,209000,798,93.4
1143,"Puyallup, Washington",41001,38.4,71271,35369,327310,1206,113.0
1144,"Redmond, Washington",64291,34.3,123721,60427,731191,1951,121.4
1145,"Renton, Washington",101379,36.7,78703,37381,401600,1532,117.7
1146,"Richland, Washington",56243,37.0,71414,37842,272221,1072,94.7
1147,"Sammamish, Washington",64548,38.6,168758,66147,858020,2361,120.6
1148,"Seattle, Washington",724745,35.6,86822,55276,673100,1555,124.9
1149,"Shoreline, Washington",56189,41.6,81842,40702,491289,1451,119.4
1150,"Spokane, Washington",217108,35.7,46543,27682,190200,830,92.5
1151,"Tacoma, Washington",213418,35.9,57164,30451,269800,1071,113.5
1152,"Vancouver, Washington",175673,37.1,61079,30359,290500,1183,102.8
1153,"Wenatchee, Washington",33962,35.8,54431,27745,250779,869,95.3
1154,"Yakima, Washington",93667,32.5,41121,22005,168700,761,94.9
1155,"Appleton, Wisconsin",74653,37.4,58374,33403,148600,779,92.1
1156,"Beloit, Wisconsin",36773,33.9,40311,19658,90060,781,92.4
1157,"Brookfield, Wisconsin",38045,46.2,103151,55604,315442,1538,100.5
1158,"Franklin, Wisconsin",36143,42.9,76265,38723,235761,998,98.2
1159,"Greenfield, Wisconsin",36827,43.8,55921,33574,177056,927,98.2
1160,"Janesville, Wisconsin",64359,39.1,54483,28063,139106,800,92.8
1161,"Kenosha, Wisconsin",99877,34.1,52848,28474,145500,883,104.4
1162,"Madison, Wisconsin",255214,31.3,65072,35802,240700,1095,97.6
1163,"Manitowoc, Wisconsin",32697,42.9,47117,27222,102616,661,76.4
1164,"Milwaukee, Wisconsin",595351,31.9,39098,22098,122300,820,97.4
1165,"Oshkosh, Wisconsin",66665,34.0,49972,25133,128500,734,90.9
1166,"Racine, Wisconsin",77542,32.8,43169,22719,106700,760,94.7
1167,"Sheboygan, Wisconsin",48329,36.3,46500,24141,111987,674,89.7
1168,"Waukesha, Wisconsin",72489,39.0,60923,33306,209800,891,98.1
1169,"Wausau, Wisconsin",38739,39.0,41446,27150,114618,641,90.3
1170,"Wauwatosa, Wisconsin",48277,38.7,76221,42324,237328,1004,98.7
1171,"Casper, Wyoming",57814,35.7,60460,33608,210506,876,81.4
1172,"Cheyenne, Wyoming",63624,36.4,60786,32864,215781,905,83.7
1173,"Laramie, Wyoming",32306,25.7,43571,25883,255755,755,89.2
1174,"Opelika, Alabama",30240,38.7,49563,25490,154869,678,83.1
1175,"Kingman, Arizona",29472,44.4,45754,25802,167573,823,88.0
1176,"Sahuarita, Arizona",29318,35.8,74419,31972,242534,1479,92.2
1177,"Sherwood, Arkansas",31081,38.9,65546,31043,154403,806,84.2
1178,"Atascadero, California",30418,38.8,77300,38269,498664,1363,106.0
1179,"Banning, California",31230,40.7,41748,20533,228763,1039,81.5
1180,"Burlingame, California",30686,40.7,130721,75200,1885396,2245,184.1
1181,"Goleta, California",31116,36.7,91014,40443,800367,1951,118.9
1182,"Saratoga, California",30905,49.2,193041,88744,2264220,2732,168.5
1183,"Fountain, Colorado",29804,30.2,58779,23124,215744,1439,99.0
1184,"Lafayette, Colorado",28328,38.9,81579,43864,395754,1374,114.6
1185,"Windsor, Colorado",25330,39.2,89482,37285,340035,1336,103.5
1186,"Clermont, Florida",35211,42.0,54707,28366,237419,1219,91.9
1187,"Parkland, Florida",32202,40.9,139919,57128,769927,2884,121.2
1188,"Canton, Georgia",27936,34.3,55113,24515,211759,1060,96.3
1189,"Chamblee, Georgia",29428,32.1,59908,30216,263259,1144,98.4
1190,"Kennesaw, Georgia",34344,33.3,65833,32578,188902,1249,96.1
1191,"LaGrange, Georgia",30472,34.4,30620,17981,141995,727,82.1
1192,"Lawrenceville, Georgia",29873,35.7,46308,24113,183413,993,95.9
1193,"Statesboro, Georgia",31379,23.2,26661,14229,120745,760,75.7
1194,"Woodstock, Georgia",31564,36.4,70064,35331,234679,1374,96.9
1195,"Plainfield, Indiana",32865,37.9,60156,31620,170588,971,88.0
1196,"Elizabethtown, Kentucky",30023,37.4,45267,31685,172348,749,84.9
1197,"Florence, Kentucky",32305,38.7,61099,29961,148863,857,87.7
1198,"Georgetown, Kentucky",33660,32.7,63856,27728,166922,817,88.2
1199,"Nicholasville, Kentucky",30553,36.0,49554,22447,151521,827,88.7
1200,"Gloucester, Massachusetts",30172,48.9,69840,38228,398833,1061,137.9
1201,"Savage, Minnesota",31352,36.5,111090,41003,306320,1189,112.3
1202,"Liberty, Missouri",31507,37.7,73027,35006,200390,893,86.4
1203,"Wentzville, Missouri",39414,33.9,67307,28582,201609,1031,88.3
1204,"Helena, Montana",31429,40.7,55644,34748,247662,760,88.1
1205,"Hilliard, Ohio",35939,36.1,95651,39541,236964,1071,95.5
1206,"Owasso, Oklahoma",36215,33.8,68339,27298,176469,988,87.1
1207,"Shawnee, Oklahoma",31232,35.3,42701,22908,112106,651,79.4
1208,"Redmond, Oregon",30011,38.3,56743,24571,276512,1050,99.5
1209,"Lebanon, Tennessee",32226,35.0,48972,24368,217005,892,88.6
1210,"Morristown, Tennessee",29771,36.8,35412,19939,122782,694,78.8
1211,"Cibolo, Texas",29249,34.4,81358,37204,276930,1723,90.4
1212,"Cleburne, Texas",30230,34.1,49683,24312,131679,878,93.9
1213,"Kyle, Texas",43480,31.8,69356,22622,182579,1454,93.4
1214,"Leander, Texas",49234,33.7,72100,29466,216197,1633,94.3
1215,"Midlothian, Texas",25254,33.0,70869,28615,191698,1157,93.7
1216,"Southlake, Texas",31824,42.7,185312,65905,709073,1427,97.0
1217,"Waxahachie, Texas",35340,32.3,61913,28132,175904,1008,93.7
1218,"Weatherford, Texas",30654,35.3,62852,33436,204094,1125,95.6
1219,"Herriman, Utah",39224,23.7,83273,29503,352016,1265,92.0
1220,"Holladay, Utah",30709,40.2,98206,55438,517705,1092,93.1
1221,"Kaysville, Utah",31776,29.9,90251,26878,306259,822,85.9
1222,"Midvale, Utah",33208,31.4,59292,27356,275952,1084,92.6
1223,"Springville, Utah",33294,25.0,71399,24453,281027,955,86.7
1224,"Syracuse, Utah",29507,28.7,87022,25868,294807,1598,89.3
1225,"Pullman, Washington",33354,22.1,32766,19809,284391,787,94.6
1226,"Fitchburg, Wisconsin",29485,34.8,70643,37996,311577,1010,97.3
1227,"Gillette, Wyoming",30560,31.5,74196,31876,215237,971,86.2
1228,"Elk Grove, California",171844,36.5,89404,33876,403300,1552,99.7
1229,"La Quinta, California",41304,46.7,80059,47434,435634,1452,82.5
1230,"San Clemente, California",65267,44.9,101743,54619,894500,1653,89.8
1231,"San Juan Capistrano, California",36064,42.7,86090,45370,695386,1872,88.2
1232,"New Britain, Connecticut",72710,36.0,43574,23341,157900,1006,106.0
1233,"Daytona Beach, Florida",68055,41.4,33228,20197,147700,843,89.0
1234,"Lauderdale Lakes, Florida",36069,36.2,36719,19143,156217,1068,111.6
1235,"North Lauderdale, Florida",44198,32.0,54605,21213,221646,1349,112.5
1236,"Oakland Park, Florida",45035,40.0,48392,25735,234072,1178,114.1
1237,"Pinellas Park, Florida",52854,45.5,48648,26494,159730,975,94.1
1238,"Port Orange, Florida",63203,47.8,51647,28553,181861,1088,89.2
1239,"Riviera Beach, Florida",34674,38.0,42796,25566,215988,1160,100.0
1240,"Royal Palm Beach, Florida",38592,38.6,72990,28178,268386,1609,101.3
1241,"Johns Creek, Georgia",84350,40.9,65037,44623,306200,1442,98.2
1242,"Calumet City, Illinois",36633,36.6,43815,21263,110081,974,100.8
1243,"Carol Stream, Illinois",39989,37.8,80654,33317,246486,1131,102.2
1244,"Crystal Lake, Illinois",40421,38.9,87940,38822,223505,1245,101.5
1245,"Glendale Heights, Illinois",34058,33.5,66538,26903,186622,1170,102.5
1246,"Hanover Park, Illinois",37982,34.0,74635,24412,184279,1200,101.8
1247,"Hoffman Estates, Illinois",51567,38.2,90526,40484,284947,1234,102.6
1248,"North Chicago, Illinois",29842,24.4,43335,21131,109260,1144,98.6
1249,"Michigan City, Indiana",31056,38.4,41309,21392,107544,733,84.8
1250,"West Des Moines, Iowa",65608,34.9,77476,45988,248756,959,90.5
1251,"Bossier City, Louisiana",68554,33.0,46911,24727,159900,959,86.6
1252,"Long Branch, New Jersey",30762,37.2,59097,33134,298937,1320,123.7
1253,"Sayreville, New Jersey",45262,39.4,81827,35113,315831,1238,121.5
1254,"Freeport, New York",43508,37.7,72792,31121,337517,1407,151.7
1255,"Spring Valley, New York",32724,30.1,43510,20937,287775,1337,143.1
1256,"Indian Trail, North Carolina",36360,35.4,83809,32393,204558,1180,92.7
1257,"Midwest City, Oklahoma",57308,35.0,51270,26125,126098,797,85.0
1258,"Lake Oswego, Oregon",39196,45.1,103690,67163,661558,1507,106.0
1259,"West Jordan, Utah",113905,30.6,74400,26036,283700,1160,91.2
1260,"Federal Way, Washington",96690,35.5,61804,31353,340500,1204,115.3
1261,"Mount Vernon, Washington",35051,34.6,58267,26556,249169,900,99.9
1262,"Spokane Valley, Washington",97847,37.7,53360,30416,222200,825,93.5
1263,"Walla Walla, Washington",32854,36.0,50037,24184,211343,832,89.3
1264,"Matthews, North Carolina",32117,43.6,80803,40275,265558,1134,100.2
1265,"West Fargo, North Dakota",35708,33.8,75551,33170,222167,813,107.9
1266,"North Ridgeville, Ohio",31871,42.7,66445,31122,161392,1088,96.0
1267,"Farmers Branch, Texas",37088,36.0,71656,33824,188106,1220,95.0
1268,"Cedar City, Utah",31806,26.2,48441,21710,229379,689,84.4
1269,"Sun Prairie, Wisconsin",32894,34.6,72141,33240,235202,1010,96.4
1270,"Ventura, California",110873,36.7,72309,37221,575876,840,100.3
1271,"Honolulu, Hawaii",374701,39.7,70634,38646,785970,1520,199.9
1272,"Louisville, Kentucky",617638,35.8,51960,25887,141700,443,93.5
1273,"Methuen, Massachusetts",50259,39.0,72628,33314,306086,1160,134.6
1274,"Watertown, Massachusetts",35756,38.0,96842,53348,577652,1828,143.7
1275,"Lee's Summit, Missouri",97290,38.2,86695,39647,211300,1105,86.9
1276,"O'Fallon, Missouri",87597,35.1,85831,36850,228200,1056,89.6
1277,"DeLand, Florida",32506,40.2,38236,22059,141146,1036,88.4
